Make,Model,Vehicle Class,Engine Size(L),Cylinders,Transmission,Fuel Type,Fuel Consumption City (L/100 km),Fuel Consumption Hwy (L/100 km),Fuel Consumption Comb (L/100 km),Fuel Consumption Comb (mpg),CO2 Emissions(g/km)
ASTON MARTIN,DB9,MINICOMPACT,5.9,12,A6,Z,18.0,12.6,15.6,18,359
ASTON MARTIN,RAPIDE,SUBCOMPACT,5.9,12,A6,Z,18.0,12.6,15.6,18,359
ASTON MARTIN,V8 VANTAGE,TWO-SEATER,4.7,8,AM7,Z,17.4,11.3,14.7,19,338
ASTON MARTIN,V8 VANTAGE,TWO-SEATER,4.7,8,M6,Z,18.1,12.2,15.4,18,354
ASTON MARTIN,V8 VANTAGE S,TWO-SEATER,4.7,8,AM7,Z,17.4,11.3,14.7,19,338
ASTON MARTIN,V8 VANTAGE S,TWO-SEATER,4.7,8,M6,Z,18.1,12.2,15.4,18,354
ASTON MARTIN,VANQUISH,MINICOMPACT,5.9,12,A6,Z,18.0,12.6,15.6,18,359
AUDI,A8L,FULL-SIZE,6.3,12,AS8,Z,18.7,11.5,15.5,18,363
AUDI,Q7,SUV - STANDARD,3.0,6,AS8,Z,15.1,10.9,13.2,21,304
AUDI,R8,TWO-SEATER,4.2,8,A7,Z,17.6,11.0,14.6,19,336
AUDI,R8,TWO-SEATER,4.2,8,M6,Z,21.2,13.4,17.7,16,407
AUDI,R8,TWO-SEATER,5.2,10,A7,Z,18.2,10.6,14.8,19,347
AUDI,R8,TWO-SEATER,5.2,10,M6,Z,21.1,13.8,17.8,16,409
AUDI,R8 SPYDER,TWO-SEATER,4.2,8,A7,Z,17.6,11.0,14.6,19,336
AUDI,R8 SPYDER,TWO-SEATER,4.2,8,M6,Z,21.2,13.4,17.7,16,407
AUDI,R8 SPYDER,TWO-SEATER,5.2,10,A7,Z,18.2,10.6,14.8,19,347
AUDI,R8 SPYDER,TWO-SEATER,5.2,10,M6,Z,21.1,13.8,17.8,16,409
AUDI,RS 5,SUBCOMPACT,4.2,8,A7,Z,15.3,10.9,13.3,21,306
AUDI,RS 5 CABRIOLET,SUBCOMPACT,4.2,8,A7,Z,15.2,11.3,13.4,21,308
BENTLEY,CONTINENTAL GT,SUBCOMPACT,4.0,8,AS8,Z,16.3,9.8,13.4,21,314
BENTLEY,CONTINENTAL GT,SUBCOMPACT,6.0,12,AS8,Z,18.8,11.5,15.5,18,356
BENTLEY,CONTINENTAL GTC,SUBCOMPACT,4.0,8,AS8,Z,17.4,10.2,14.2,20,332
BENTLEY,CONTINENTAL GTC,SUBCOMPACT,6.0,12,AS8,Z,20.0,12.2,16.5,17,380
BENTLEY,CONTINENTAL GT SPEED CONVERTIBLE,SUBCOMPACT,6.0,12,AS8,Z,20.0,12.2,16.5,17,380
BENTLEY,FLYING SPUR,MID-SIZE,6.0,12,AS8,Z,20.3,11.9,16.5,17,388
BENTLEY,MULSANNE,MID-SIZE,6.8,8,AS8,Z,22.3,14.9,19.0,15,437
BMW,760Li,FULL-SIZE,6.0,12,A8,Z,18.7,11.5,15.5,18,356
BMW,M5,MID-SIZE,4.4,8,AM7,Z,17.3,11.5,14.7,19,338
BMW,M5,MID-SIZE,4.4,8,M6,Z,16.2,10.9,13.8,20,317
BMW,M6,COMPACT,4.4,8,AM7,Z,17.3,11.5,14.7,19,338
BMW,M6,COMPACT,4.4,8,M6,Z,16.2,10.9,13.8,20,317
BMW,M6 CABRIOLET,SUBCOMPACT,4.4,8,AM7,Z,17.3,11.5,14.7,19,338
BMW,M6 CABRIOLET,SUBCOMPACT,4.4,8,M6,Z,16.2,10.9,13.8,20,317
BMW,M6 GRAN COUPE,COMPACT,4.4,8,AM7,Z,17.3,11.5,14.7,19,338
BMW,M6 GRAN COUPE,COMPACT,4.4,8,M6,Z,16.2,10.9,13.8,20,317
BMW,X5 xDRIVE50i,SUV - STANDARD,4.4,8,A8,Z,16.3,10.9,13.9,20,320
BMW,X6 M,SUV - STANDARD,4.4,8,A6,Z,18.1,13.7,16.1,18,370
BMW,X6 xDRIVE50i,SUV - STANDARD,4.4,8,A8,Z,16.4,11.3,14.1,20,324
CADILLAC,CTS-V COUPE,MID-SIZE,6.2,8,AS6,Z,19.7,12.9,16.6,17,382
CADILLAC,CTS-V COUPE,MID-SIZE,6.2,8,M6,Z,16.7,12.5,14.8,19,340
CADILLAC,CTS-V SEDAN,MID-SIZE,6.2,8,AS6,Z,19.7,12.9,16.6,17,382
CADILLAC,CTS-V SEDAN,MID-SIZE,6.2,8,M6,Z,16.7,12.5,14.8,19,340
CADILLAC,CTS-V SPORT WAGON,STATION WAGON - SMALL,6.2,8,AS6,Z,19.7,12.9,16.6,17,382
CADILLAC,CTS-V SPORT WAGON,STATION WAGON - SMALL,6.2,8,M6,Z,16.7,12.5,14.8,19,340
CADILLAC,ESCALADE AWD,SUV - STANDARD,6.2,8,A6,Z,17.0,11.8,14.7,19,338
CADILLAC,ESCALADE AWD,SUV - STANDARD,6.2,8,A6,E,23.3,16.1,20.1,14,322
CADILLAC,ESCALADE ESV AWD,SUV - STANDARD,6.2,8,A6,Z,18.8,13.4,16.4,17,377
CADILLAC,ESCALADE ESV AWD,SUV - STANDARD,6.2,8,A6,E,25.7,17.8,22.1,13,354
CHEVROLET,CAMARO ZL1,COMPACT,6.2,8,AS6,Z,19.7,12.9,16.6,17,382
CHEVROLET,CAMARO ZL1,COMPACT,6.2,8,M6,Z,16.7,12.5,14.8,19,340
CHEVROLET,EXPRESS 1500 CARGO,VAN - CARGO,4.3,6,A4,X,17.1,12.7,15.1,19,347
CHEVROLET,EXPRESS 1500 CARGO,VAN - CARGO,5.3,8,A4,X,18.0,13.4,15.9,18,366
CHEVROLET,EXPRESS 1500 CARGO,VAN - CARGO,5.3,8,A4,E,23.5,17.7,20.9,14,334
CHEVROLET,EXPRESS 1500 CARGO AWD,VAN - CARGO,5.3,8,A4,X,18.3,14.2,16.5,17,380
CHEVROLET,EXPRESS 1500 CARGO AWD,VAN - CARGO,5.3,8,A4,E,23.7,18.8,21.5,13,344
CHEVROLET,EXPRESS 1500 CARGO CONV,VAN - CARGO,5.3,8,A4,X,18.6,13.9,16.5,17,380
CHEVROLET,EXPRESS 1500 CARGO CONV,VAN - CARGO,5.3,8,A4,E,23.9,18.5,21.5,13,344
CHEVROLET,EXPRESS 1500 CARGO CONV AWD,VAN - CARGO,5.3,8,A4,X,18.3,14.2,16.5,17,380
CHEVROLET,EXPRESS 1500 CARGO CONV AWD,VAN - CARGO,5.3,8,A4,E,25.3,19.3,22.6,12,362
CHEVROLET,EXPRESS 1500 PASSENGER,VAN - PASSENGER,5.3,8,A4,X,18.6,13.9,16.5,17,380
CHEVROLET,EXPRESS 1500 PASSENGER,VAN - PASSENGER,5.3,8,A4,E,23.9,18.5,21.5,13,344
CHEVROLET,EXPRESS 1500 PASSENGER AWD,VAN - PASSENGER,5.3,8,A4,X,18.3,14.2,16.5,17,380
CHEVROLET,EXPRESS 1500 PASSENGER AWD,VAN - PASSENGER,5.3,8,A4,E,25.3,19.3,22.6,12,362
CHEVROLET,EXPRESS 2500 PASSENGER,VAN - PASSENGER,4.8,8,A6,X,21.1,14.2,18.0,16,414
CHEVROLET,EXPRESS 2500 PASSENGER,VAN - PASSENGER,6.0,8,A6,X,21.9,15.0,18.8,15,432
CHEVROLET,EXPRESS 2500 PASSENGER,VAN - PASSENGER,6.0,8,A6,E,30.0,20.4,25.7,11,411
CHEVROLET,EXPRESS 3500 PASSENGER,VAN - PASSENGER,4.8,8,A6,X,21.3,14.3,18.2,16,419
CHEVROLET,EXPRESS 3500 PASSENGER,VAN - PASSENGER,6.0,8,A6,X,22.1,15.0,18.9,15,435
CHEVROLET,EXPRESS 3500 PASSENGER,VAN - PASSENGER,6.0,8,A6,E,30.2,20.5,25.8,11,413
CHEVROLET,SILVERADO,PICKUP TRUCK - STANDARD,6.2,8,A6,Z,16.3,11.4,14.1,20,324
CHEVROLET,SILVERADO 4WD,PICKUP TRUCK - STANDARD,6.2,8,A6,Z,16.4,11.7,14.3,20,329
CHEVROLET,SUBURBAN,SUV - STANDARD,5.3,8,A6,X,16.0,11.1,13.8,20,317
CHEVROLET,SUBURBAN 4WD,SUV - STANDARD,5.3,8,A6,X,16.0,11.1,13.8,20,317
CHEVROLET,TAHOE,SUV - STANDARD,5.3,8,A6,X,16.0,11.1,13.8,20,317
CHEVROLET,TAHOE 4WD,SUV - STANDARD,5.3,8,A6,X,16.0,11.1,13.8,20,317
CHRYSLER,300 AWD (MDS),FULL-SIZE,5.7,8,A5,X,16.1,10.0,13.4,21,308
CHRYSLER,300 SRT (MDS),FULL-SIZE,6.4,8,A5,Z,16.7,10.3,13.8,20,317
DODGE,CHALLENGER,MID-SIZE,5.7,8,M6,X,15.6,10.0,13.1,22,301
DODGE,CHALLENGER SRT,MID-SIZE,6.4,8,M6,Z,16.8,10.4,13.9,20,320
DODGE,CHALLENGER SRT (MDS),MID-SIZE,6.4,8,A5,Z,16.7,10.3,13.8,20,317
DODGE,CHARGER AWD (MDS),FULL-SIZE,5.7,8,A5,X,16.1,10.0,13.4,21,308
DODGE,CHARGER SRT (MDS),FULL-SIZE,6.4,8,A5,Z,16.7,10.3,13.8,20,317
DODGE,DURANGO AWD (MDS),SUV - STANDARD,5.7,8,A8,X,17.3,10.8,14.4,20,331
FORD,E150 VAN FFV,VAN - CARGO,4.6,8,A4,X,17.7,14.4,16.2,17,373
FORD,E150 VAN FFV,VAN - CARGO,4.6,8,A4,E,24.1,19.2,21.9,13,350
FORD,E150 VAN FFV,VAN - CARGO,5.4,8,A4,X,19.3,14.7,17.2,16,396
FORD,E150 VAN FFV,VAN - CARGO,5.4,8,A4,E,24.9,19.6,22.5,13,360
FORD,E150 WAGON FFV,VAN - PASSENGER,4.6,8,A4,X,18.6,14.6,16.8,17,386
FORD,E150 WAGON FFV,VAN - PASSENGER,4.6,8,A4,E,25.5,20.0,23.0,12,368
FORD,E350 WAGON,VAN - PASSENGER,6.8,10,A5,X,23.9,17.8,21.2,13,488
FORD,E350 WAGON FFV,VAN - PASSENGER,5.4,8,A4,X,20.6,15.5,18.3,15,421
FORD,E350 WAGON FFV,VAN - PASSENGER,5.4,8,A4,E,26.7,20.5,23.9,12,382
FORD,EXPEDITION 4X4 FFV,SUV - STANDARD,5.4,8,A6,X,18.2,13.3,16.0,18,368
FORD,EXPEDITION 4X4 FFV,SUV - STANDARD,5.4,8,A6,E,24.5,18.0,21.6,13,346
FORD,F-150,PICKUP TRUCK - STANDARD,6.2,8,AS6,X,18.3,12.9,15.9,18,366
FORD,F-150 4X4,PICKUP TRUCK - STANDARD,3.5,6,A6,X,15.9,11.3,13.8,20,317
FORD,F-150 4X4,PICKUP TRUCK - STANDARD,3.5,6,AS6,X,15.4,11.0,13.4,21,308
FORD,F-150 4X4,PICKUP TRUCK - STANDARD,6.2,8,AS6,X,20.1,14.4,17.5,16,402
FORD,F-150 FFV,PICKUP TRUCK - STANDARD,5.0,8,A6,X,16.4,12.3,14.6,19,336
FORD,F-150 FFV,PICKUP TRUCK - STANDARD,5.0,8,A6,E,22.1,16.7,19.7,14,315
FORD,F-150 FFV,PICKUP TRUCK - STANDARD,5.0,8,AS6,X,16.4,12.3,14.6,19,336
FORD,F-150 FFV,PICKUP TRUCK - STANDARD,5.0,8,AS6,E,22.1,16.7,19.7,14,315
FORD,F-150 FFV 4X4,PICKUP TRUCK - STANDARD,3.7,6,A6,X,15.0,11.4,13.4,21,308
FORD,F-150 FFV 4X4,PICKUP TRUCK - STANDARD,3.7,6,AS6,X,15.0,11.4,13.4,21,308
FORD,F-150 FFV 4X4,PICKUP TRUCK - STANDARD,5.0,8,A6,X,16.8,12.6,14.9,19,343
FORD,F-150 FFV 4X4,PICKUP TRUCK - STANDARD,5.0,8,A6,E,22.4,17.0,20.0,14,320
FORD,F-150 FFV 4X4,PICKUP TRUCK - STANDARD,5.0,8,AS6,X,16.7,12.5,14.8,19,340
FORD,F-150 FFV 4X4,PICKUP TRUCK - STANDARD,5.0,8,AS6,E,22.4,16.9,19.9,14,318
FORD,F-150 RAPTOR 4X4,PICKUP TRUCK - STANDARD,6.2,8,AS6,X,20.4,15.0,18.0,16,414
FORD,MUSTANG,SUBCOMPACT,5.8,8,M6,Z,15.9,9.9,13.2,21,304
GMC,SAVANA 1500 CARGO,VAN - CARGO,4.3,6,A4,X,17.1,12.7,15.1,19,347
GMC,SAVANA 1500 CARGO,VAN - CARGO,5.3,8,A4,X,18.0,13.4,15.9,18,366
GMC,SAVANA 1500 CARGO,VAN - CARGO,5.3,8,A4,E,23.5,17.7,20.9,14,334
GMC,SAVANA 1500 CARGO AWD,VAN - CARGO,5.3,8,A4,X,18.3,14.2,16.5,17,380
GMC,SAVANA 1500 CARGO AWD,VAN - CARGO,5.3,8,A4,E,23.7,18.8,21.5,13,344
GMC,SAVANA 1500 CARGO CONV,VAN - CARGO,5.3,8,A4,X,18.6,13.9,16.5,17,380
GMC,SAVANA 1500 CARGO CONV,VAN - CARGO,5.3,8,A4,E,23.9,18.5,21.5,13,344
GMC,SAVANA 1500 CARGO CONV AWD,VAN - CARGO,5.3,8,A4,X,18.3,14.2,16.5,17,380
GMC,SAVANA 1500 CARGO CONV AWD,VAN - CARGO,5.3,8,A4,E,25.3,19.3,22.6,12,362
GMC,SAVANA 1500 PASSENGER,VAN - PASSENGER,5.3,8,A4,X,18.6,13.9,16.5,17,380
GMC,SAVANA 1500 PASSENGER,VAN - PASSENGER,5.3,8,A4,E,23.9,18.5,21.5,13,344
GMC,SAVANA 1500 PASSENGER AWD,VAN - PASSENGER,5.3,8,A4,X,18.3,14.2,16.5,17,380
GMC,SAVANA 1500 PASSENGER AWD,VAN - PASSENGER,5.3,8,A4,E,25.3,19.3,22.6,12,362
GMC,SAVANA 2500 PASSENGER,VAN - PASSENGER,4.8,8,A6,X,21.1,14.2,18.0,16,414
GMC,SAVANA 2500 PASSENGER,VAN - PASSENGER,6.0,8,A6,X,21.9,15.0,18.8,15,432
GMC,SAVANA 2500 PASSENGER,VAN - PASSENGER,6.0,8,A6,E,30.0,20.4,25.7,11,411
GMC,SAVANA 3500 PASSENGER,VAN - PASSENGER,4.8,8,A6,X,21.3,14.3,18.2,16,419
GMC,SAVANA 3500 PASSENGER,VAN - PASSENGER,6.0,8,A6,X,22.1,15.0,18.9,15,435
GMC,SAVANA 3500 PASSENGER,VAN - PASSENGER,6.0,8,A6,E,30.2,20.5,25.8,11,413
GMC,SIERRA,PICKUP TRUCK - STANDARD,6.2,8,A6,Z,16.3,11.4,14.1,20,324
GMC,SIERRA 4WD,PICKUP TRUCK - STANDARD,6.2,8,A6,Z,16.4,11.7,14.3,20,329
GMC,YUKON,SUV - STANDARD,5.3,8,A6,X,16.0,11.1,13.8,20,317
GMC,YUKON 4WD,SUV - STANDARD,5.3,8,A6,X,16.0,11.1,13.8,20,317
GMC,YUKON DENALI AWD,SUV - STANDARD,6.2,8,A6,Z,17.0,11.8,14.7,19,338
GMC,YUKON DENALI AWD,SUV - STANDARD,6.2,8,A6,E,23.3,16.1,20.1,14,322
GMC,YUKON DENALI XL AWD,SUV - STANDARD,6.2,8,A6,Z,18.8,13.4,16.4,17,377
GMC,YUKON DENALI XL AWD,SUV - STANDARD,6.2,8,A6,E,25.7,17.8,22.1,13,354
GMC,YUKON XL,SUV - STANDARD,5.3,8,A6,X,16.0,11.1,13.8,20,317
GMC,YUKON XL 4WD,SUV - STANDARD,5.3,8,A6,X,16.0,11.1,13.8,20,317
HONDA,RIDGELINE AWD,PICKUP TRUCK - STANDARD,3.5,6,A5,X,15.2,11.3,13.4,21,308
HYUNDAI,EQUUS,FULL-SIZE,5.0,8,A8,Z,15.7,10.2,13.2,21,304
INFINITI,QX70 AWD,SUV - SMALL,5.0,8,AS7,Z,16.6,11.9,14.5,19,334
INFINITI,QX80 4WD,SUV - STANDARD,5.6,8,AS7,Z,17.4,12.1,15.0,19,345
JAGUAR,XFR,MID-SIZE,5.0,8,AS8,Z,15.7,10.3,13.3,21,306
JAGUAR,XFR-S,MID-SIZE,5.0,8,AS8,Z,15.7,10.3,13.3,21,306
JAGUAR,XJ SUPERCHARGED,FULL-SIZE,5.0,8,AS8,Z,15.8,10.2,13.3,21,306
JAGUAR,XJL SUPERCHARGED,FULL-SIZE,5.0,8,AS8,Z,15.8,10.2,13.3,21,306
JAGUAR,XJR,FULL-SIZE,5.0,8,AS8,Z,15.8,10.2,13.3,21,306
JAGUAR,XJR LWB,FULL-SIZE,5.0,8,AS8,Z,15.8,10.2,13.3,21,306
JAGUAR,XK CONVERTIBLE,MINICOMPACT,5.0,8,AS6,Z,15.1,10.6,13.1,22,301
JAGUAR,XKR CONVERTIBLE,MINICOMPACT,5.0,8,AS6,Z,15.9,10.9,13.7,21,315
JAGUAR,XKR COUPE,MINICOMPACT,5.0,8,AS6,Z,15.6,10.9,13.5,21,310
JAGUAR,XKR-S CONVERTIBLE,MINICOMPACT,5.0,8,AS6,Z,15.9,10.9,13.7,21,315
JAGUAR,XKR-S COUPE,MINICOMPACT,5.0,8,AS6,Z,15.6,10.9,13.5,21,310
JEEP,GRAND CHEROKEE 4X4 (MDS),SUV - STANDARD,5.7,8,A8,X,17.3,11.7,14.8,19,340
JEEP,GRAND CHEROKEE SRT 4X4 (MDS),SUV - STANDARD,6.4,8,A8,Z,18.5,12.6,15.8,18,363
JEEP,WRANGLER UNLIMITED 4X4 (4-DOOR),SUV - SMALL,3.6,6,A5,X,14.8,11.7,13.4,21,308
JEEP,WRANGLER UNLIMITED 4X4 (4-DOOR),SUV - SMALL,3.6,6,M6,X,15.0,11.4,13.4,21,308
LAMBORGHINI,AVENTADOR COUPE,TWO-SEATER,6.5,12,A7,Z,22.8,12.9,18.3,15,421
LAMBORGHINI,GALLARDO COUPE,TWO-SEATER,5.2,10,A6,Z,18.0,12.8,15.7,18,361
LAMBORGHINI,GALLARDO COUPE,TWO-SEATER,5.2,10,M6,Z,20.6,13.5,17.4,16,400
LAND ROVER,LR4,SUV - STANDARD,3.0,6,AS8,Z,16.3,12.4,14.5,19,334
LAND ROVER,RANGE ROVER LWB V8 5.0 SC,SUV - STANDARD,5.0,8,AS8,Z,18.0,12.2,15.4,18,354
LAND ROVER,RANGE ROVER LWB V8 5.0 SC FFV,SUV - STANDARD,5.0,8,AS8,Z,17.2,12.5,15.1,19,347
LAND ROVER,RANGE ROVER LWB V8 5.0 SC FFV,SUV - STANDARD,5.0,8,AS8,E,25.0,16.9,21.4,13,342
LAND ROVER,RANGE ROVER SPORT V8 5.0 SC,SUV - STANDARD,5.0,8,AS8,Z,17.3,12.2,15.0,19,345
LAND ROVER,RANGE ROVER SPORT V8 5.0 SC FFV,SUV - STANDARD,5.0,8,AS8,Z,16.6,12.3,14.7,19,338
LAND ROVER,RANGE ROVER SPORT V8 5.0 SC FFV,SUV - STANDARD,5.0,8,AS8,E,24.0,16.6,20.7,14,331
LAND ROVER,RANGE ROVER V8 5.0 SC,SUV - STANDARD,5.0,8,AS8,Z,18.0,12.2,15.4,18,354
LAND ROVER,RANGE ROVER V8 5.0 SC FFV,SUV - STANDARD,5.0,8,AS8,Z,17.2,12.5,15.1,19,347
LAND ROVER,RANGE ROVER V8 5.0 SC FFV,SUV - STANDARD,5.0,8,AS8,E,25.0,16.9,21.4,13,342
LEXUS,GX 460,SUV - STANDARD,4.6,8,AS6,Z,15.7,11.8,13.9,20,320
LEXUS,LX 570,SUV - STANDARD,5.7,8,AS6,Z,18.8,13.6,16.5,17,380
LINCOLN,NAVIGATOR 4X4 FFV,SUV - STANDARD,5.4,8,A6,X,18.2,13.3,16.0,18,368
LINCOLN,NAVIGATOR 4X4 FFV,SUV - STANDARD,5.4,8,A6,E,24.5,18.0,21.6,13,346
MASERATI,GRANTURISMO,SUBCOMPACT,4.7,8,AS6,Z,18.2,11.4,15.1,19,347
MASERATI,GRANTURISMO CONVERTIBLE,SUBCOMPACT,4.7,8,AS6,Z,18.2,11.7,15.3,18,352
MASERATI,QUATTROPORTE GTS,FULL-SIZE,3.8,8,AS8,Z,17.6,10.7,14.5,19,334
MASERATI,QUATTROPORTE SQ4,FULL-SIZE,3.0,6,AS8,Z,15.9,9.7,13.1,22,301
MERCEDES-BENZ,C 63 AMG,COMPACT,6.2,8,AS7,Z,17.7,11.9,15.1,19,347
MERCEDES-BENZ,C 63 AMG COUPE,SUBCOMPACT,6.2,8,AS7,Z,17.9,12.2,15.3,18,352
MERCEDES-BENZ,CL 550 4MATIC,COMPACT,4.7,8,AS7,Z,15.4,10.4,13.2,21,304
MERCEDES-BENZ,CL 63 AMG,COMPACT,5.5,8,AS7,Z,15.4,11.0,13.4,21,308
MERCEDES-BENZ,CLS 63 AMG 4MATIC,COMPACT,5.5,8,AS7,Z,15.1,10.7,13.1,22,301
MERCEDES-BENZ,CLS 63 AMG S 4MATIC,COMPACT,5.5,8,AS7,Z,15.1,10.7,13.1,22,301
MERCEDES-BENZ,E 63 AMG 4MATIC WAGON,STATION WAGON - MID-SIZE,5.5,8,AS7,Z,15.5,11.0,13.5,21,310
MERCEDES-BENZ,E 63 AMG S 4MATIC WAGON,STATION WAGON - MID-SIZE,5.5,8,AS7,Z,15.5,11.0,13.5,21,310
MERCEDES-BENZ,G 550,SUV - STANDARD,5.5,8,AS7,Z,20.0,15.9,18.2,16,419
MERCEDES-BENZ,G 63 AMG,SUV - STANDARD,5.5,8,AS7,Z,19.4,15.7,17.7,16,407
MERCEDES-BENZ,GL 350 BLUETEC 4MATIC,SUV - STANDARD,3.0,6,AS7,D,13.4,10.2,12.0,24,324
MERCEDES-BENZ,GL 450 4MATIC,SUV - STANDARD,4.7,8,AS7,Z,17.1,12.8,15.2,19,350
MERCEDES-BENZ,GL 550 4MATIC,SUV - STANDARD,4.7,8,AS7,Z,17.6,13.1,15.6,18,359
MERCEDES-BENZ,GL 63 AMG,SUV - STANDARD,5.5,8,AS7,Z,17.7,13.4,15.8,18,363
MERCEDES-BENZ,ML 550 4MATIC,SUV - STANDARD,4.7,8,AS7,Z,16.2,11.8,14.2,20,327
MERCEDES-BENZ,ML 63 AMG 4MATIC,SUV - STANDARD,5.5,8,AS7,Z,17.2,13.5,15.5,18,356
MERCEDES-BENZ,S 63 AMG 4MATIC,FULL-SIZE,5.5,8,AS7,Z,15.6,10.3,13.2,21,304
MERCEDES-BENZ,SL 65 AMG,TWO-SEATER,6.0,8,AS7,Z,16.7,11.2,14.2,20,327
MERCEDES-BENZ,SLS AMG BLACK SERIES COUPE,TWO-SEATER,6.2,8,AS7,Z,18.7,13.9,16.5,17,380
MERCEDES-BENZ,SLS AMG GT COUPE,TWO-SEATER,6.2,8,AS7,Z,18.2,12.6,15.7,18,361
MERCEDES-BENZ,SLS AMG ROADSTER,TWO-SEATER,6.2,8,AS7,Z,18.2,12.6,15.7,18,361
NISSAN,ARMADA 4WD,SUV - STANDARD,5.6,8,A5,X,19.1,13.4,16.5,17,380
NISSAN,FRONTIER 4WD,PICKUP TRUCK - SMALL,4.0,6,A5,X,15.7,11.2,13.7,21,315
NISSAN,FRONTIER 4WD,PICKUP TRUCK - SMALL,4.0,6,M6,X,14.8,11.0,13.1,22,301
NISSAN,TITAN,PICKUP TRUCK - STANDARD,5.6,8,A5,X,17.9,12.8,15.6,18,359
NISSAN,TITAN 4WD,PICKUP TRUCK - STANDARD,5.6,8,A5,X,19.7,14.3,17.3,16,398
NISSAN,XTERRA 4WD,SUV - SMALL,4.0,6,A5,X,16.1,11.9,14.2,20,327
NISSAN,XTERRA 4WD,SUV - SMALL,4.0,6,M6,X,15.2,11.9,13.7,21,315
PORSCHE,911 GT3,TWO-SEATER,3.8,6,AM7,Z,16.0,11.5,14.0,20,322
PORSCHE,CAYENNE,SUV - STANDARD,3.6,6,M6,Z,15.8,10.9,13.6,21,313
PORSCHE,CAYENNE GTS,SUV - STANDARD,4.8,8,A8,Z,16.7,11.5,14.4,20,338
PORSCHE,CAYENNE S,SUV - STANDARD,4.8,8,A8,Z,15.5,10.7,13.2,21,310
PORSCHE,CAYENNE TURBO,SUV - STANDARD,4.8,8,A8,Z,16.3,11.0,13.9,20,326
PORSCHE,CAYENNE TURBO S,SUV - STANDARD,4.8,8,A8,Z,18.0,11.9,15.2,19,358
RAM,1500 (MDS),PICKUP TRUCK - STANDARD,5.7,8,A6,X,17.1,12.0,14.8,19,340
RAM,1500 (MDS),PICKUP TRUCK - STANDARD,5.7,8,A8,X,15.8,10.9,13.6,21,313
RAM,1500 4X4 (MDS),PICKUP TRUCK - STANDARD,5.7,8,A6,X,17.6,12.7,15.4,18,354
RAM,1500 4X4 (MDS),PICKUP TRUCK - STANDARD,5.7,8,A8,X,16.3,11.5,14.1,20,324
ROLLS-ROYCE,GHOST,FULL-SIZE,6.6,12,A8,Z,19.1,12.3,16.0,18,368
ROLLS-ROYCE,GHOST EWB,FULL-SIZE,6.6,12,A8,Z,19.1,12.3,16.0,18,368
ROLLS-ROYCE,PHANTOM,FULL-SIZE,6.7,12,A8,Z,20.7,12.8,17.1,17,393
ROLLS-ROYCE,PHANTOM COUPE,COMPACT,6.7,12,A8,Z,20.7,12.8,17.1,17,393
ROLLS-ROYCE,PHANTOM DROPHEAD COUPE,COMPACT,6.7,12,A8,Z,20.7,12.7,17.1,17,393
ROLLS-ROYCE,PHANTOM EWB,FULL-SIZE,6.7,12,A8,Z,20.7,12.7,17.1,17,393
ROLLS-ROYCE,WRAITH,MID-SIZE,6.6,12,A8,Z,18.7,11.8,15.6,18,359
SRT,VIPER COUPE,TWO-SEATER,8.4,10,M6,Z,20.0,13.0,16.9,17,389
SRT,VIPER GTS COUPE,TWO-SEATER,8.4,10,M6,Z,20.0,13.0,16.9,17,389
SUBARU,TRIBECA AWD,SUV - SMALL,3.6,6,AS5,X,14.7,11.1,13.1,22,301
TOYOTA,FJ CRUISER 4WD,SUV - SMALL,4.0,6,M6,X,15.4,12.1,13.9,20,320
TOYOTA,SEQUOIA 4WD,SUV - STANDARD,5.7,8,AS6,X,19.0,13.9,16.7,17,384
TOYOTA,TACOMA,PICKUP TRUCK - SMALL,4.0,6,M6,X,14.5,11.3,13.1,22,301
TOYOTA,TACOMA 4WD,PICKUP TRUCK - SMALL,4.0,6,A5,X,14.7,11.5,13.3,21,306
TOYOTA,TACOMA 4WD,PICKUP TRUCK - SMALL,4.0,6,M6,X,15.3,12.3,14.0,20,322
TOYOTA,TUNDRA,PICKUP TRUCK - STANDARD,4.0,6,AS5,X,14.8,11.8,13.5,21,310
TOYOTA,TUNDRA,PICKUP TRUCK - STANDARD,4.6,8,AS6,X,15.9,12.3,14.3,20,329
TOYOTA,TUNDRA,PICKUP TRUCK - STANDARD,5.7,8,AS6,X,17.6,12.9,15.5,18,356
TOYOTA,TUNDRA 4WD,PICKUP TRUCK - STANDARD,4.6,8,AS6,X,16.9,12.8,15.1,19,347
TOYOTA,TUNDRA 4WD,PICKUP TRUCK - STANDARD,5.7,8,AS6,X,18.1,13.9,16.2,17,373
ASTON MARTIN,DB9,MINICOMPACT,5.9,12,A6,Z,18.0,12.6,15.6,18,359
ASTON MARTIN,RAPIDE S,SUBCOMPACT,6.0,12,A8,Z,16.8,10.9,14.2,20,327
ASTON MARTIN,V8 VANTAGE,TWO-SEATER,4.7,8,AM7,Z,17.4,11.3,14.7,19,338
ASTON MARTIN,V8 VANTAGE,TWO-SEATER,4.7,8,M6,Z,18.1,12.3,15.5,18,356
ASTON MARTIN,V8 VANTAGE S,TWO-SEATER,4.7,8,AM7,Z,17.4,11.3,14.7,19,338
ASTON MARTIN,V8 VANTAGE S,TWO-SEATER,4.7,8,M6,Z,18.1,12.3,15.5,18,356
ASTON MARTIN,V12 VANTAGE S,TWO-SEATER,6.0,12,AM7,Z,19.5,12.8,16.5,17,379
ASTON MARTIN,VANTAGE GT,TWO-SEATER,4.7,8,AM7,Z,17.4,11.3,14.7,19,338
ASTON MARTIN,VANTAGE GT,TWO-SEATER,4.7,8,M6,Z,18.1,12.3,15.5,18,356
ASTON MARTIN,VANQUISH,MINICOMPACT,6.0,12,A8,Z,17.6,11.4,14.8,19,340
AUDI,A8L,FULL-SIZE,6.3,12,AS8,Z,17.8,10.8,14.6,19,344
AUDI,Q7,SUV - STANDARD,3.0,6,AS8,Z,15.2,11.0,13.3,21,306
AUDI,R8,TWO-SEATER,4.2,8,AM7,Z,17.3,10.4,14.2,20,327
AUDI,R8,TWO-SEATER,4.2,8,M6,Z,20.5,11.7,16.6,17,382
AUDI,R8,TWO-SEATER,5.2,10,AM7,Z,18.2,10.6,14.8,19,347
AUDI,R8,TWO-SEATER,5.2,10,M6,Z,19.9,12.0,16.4,17,377
AUDI,R8 SPYDER,TWO-SEATER,4.2,8,AM7,Z,17.3,10.4,14.2,20,327
AUDI,R8 SPYDER,TWO-SEATER,4.2,8,M6,Z,20.5,11.7,16.6,17,382
AUDI,R8 SPYDER,TWO-SEATER,5.2,10,AM7,Z,18.2,10.6,14.8,19,347
AUDI,R8 SPYDER,TWO-SEATER,5.2,10,M6,Z,19.9,12.0,16.4,17,377
AUDI,RS 7,MID-SIZE,4.0,8,AS8,Z,16.6,9.4,13.3,21,313
BENTLEY,CONTINENTAL GT,COMPACT,4.0,8,AS8,Z,16.1,9.4,13.1,22,307
BENTLEY,CONTINENTAL GT,COMPACT,6.0,12,AS8,Z,18.9,11.2,15.4,18,354
BENTLEY,CONTINENTAL GT CONVERTIBLE,SUBCOMPACT,4.0,8,AS8,Z,17.7,10.3,14.4,20,337
BENTLEY,CONTINENTAL GT CONVERTIBLE,SUBCOMPACT,6.0,12,AS8,Z,19.6,11.7,16.0,18,368
BENTLEY,CONTINENTAL GT3-R,TWO-SEATER,4.0,8,AS8,Z,17.6,10.1,14.2,20,327
BENTLEY,FLYING SPUR,MID-SIZE,4.0,8,AS8,Z,17.7,10.0,14.2,20,334
BENTLEY,FLYING SPUR,MID-SIZE,6.0,12,AS8,Z,20.3,11.9,16.5,17,388
BENTLEY,MULSANNE,MID-SIZE,6.8,8,AS8,Z,22.3,13.3,18.2,16,419
BMW,760Li SEDAN,FULL-SIZE,6.0,12,AS8,Z,18.7,11.6,15.5,18,356
BMW,M5 SEDAN,MID-SIZE,4.4,8,AM7,Z,17.3,11.5,14.7,19,338
BMW,M5 SEDAN,MID-SIZE,4.4,8,M6,Z,16.1,10.8,13.7,21,315
BMW,M6 CABRIOLET,SUBCOMPACT,4.4,8,AM7,Z,17.3,11.5,14.7,19,338
BMW,M6 CABRIOLET,SUBCOMPACT,4.4,8,M6,Z,16.1,10.8,13.7,21,315
BMW,M6 COUPE,COMPACT,4.4,8,AM7,Z,17.3,11.5,14.7,19,338
BMW,M6 COUPE,COMPACT,4.4,8,M6,Z,16.1,10.8,13.7,21,315
BMW,M6 GRAN COUPE,COMPACT,4.4,8,AM7,Z,17.3,11.5,14.7,19,338
BMW,M6 GRAN COUPE,COMPACT,4.4,8,M6,Z,16.1,10.8,13.7,21,315
BMW,X5 M,SUV - STANDARD,4.4,8,AS8,Z,16.6,12.1,14.6,19,336
BMW,X5 xDRIVE50i,SUV - STANDARD,4.4,8,AS8,Z,16.1,10.9,13.8,20,317
BMW,X6 M,SUV - STANDARD,4.4,8,AS8,Z,16.6,12.1,14.6,19,336
BMW,X6 xDRIVE50i,SUV - STANDARD,4.4,8,AS8,Z,16.1,10.9,13.8,20,317
CADILLAC,ESCALADE 4WD,SUV - STANDARD,6.2,8,A6,Z,16.2,11.4,14.0,20,322
CADILLAC,ESCALADE 4WD,SUV - STANDARD,6.2,8,A8,Z,15.9,11.1,13.8,20,317
CADILLAC,ESCALADE ESV 4WD,SUV - STANDARD,6.2,8,A6,Z,16.8,11.7,14.5,19,334
CADILLAC,ESCALADE ESV 4WD,SUV - STANDARD,6.2,8,A8,Z,16.4,11.7,14.3,20,329
CHEVROLET,CAMARO Z/28,COMPACT,6.2,8,M6,Z,18.1,12.3,15.5,18,357
CHEVROLET,CAMARO ZL1,COMPACT,6.2,8,AS6,Z,19.9,13.0,16.8,17,386
CHEVROLET,CAMARO ZL1,COMPACT,6.2,8,M6,Z,16.6,12.4,14.7,19,338
CHEVROLET,CORVETTE Z06,TWO-SEATER,6.2,8,AS8,Z,17.7,10.2,14.3,20,329
CHEVROLET,CORVETTE Z06,TWO-SEATER,6.2,8,M7,Z,15.7,10.6,13.4,21,308
CHEVROLET,EXPRESS 2500 PASSENGER,VAN - PASSENGER,4.8,8,A6,X,21.0,14.2,18.0,16,414
CHEVROLET,EXPRESS 2500 PASSENGER,VAN - PASSENGER,6.0,8,A6,X,22.0,14.9,18.8,15,432
CHEVROLET,EXPRESS 2500 PASSENGER FFV,VAN - PASSENGER,6.0,8,A6,X,22.0,14.9,18.8,15,432
CHEVROLET,EXPRESS 2500 PASSENGER FFV,VAN - PASSENGER,6.0,8,A6,E,30.3,20.5,25.9,11,414
CHEVROLET,EXPRESS 3500 PASSENGER,VAN - PASSENGER,4.8,8,A6,X,21.3,14.3,18.1,16,416
CHEVROLET,EXPRESS 3500 PASSENGER,VAN - PASSENGER,6.0,8,A6,X,22.2,15.1,19.0,15,437
CHEVROLET,EXPRESS 3500 PASSENGER FFV,VAN - PASSENGER,6.0,8,A6,X,22.2,15.1,19.0,15,437
CHEVROLET,EXPRESS 3500 PASSENGER FFV,VAN - PASSENGER,6.0,8,A6,E,30.6,20.6,26.1,11,418
CHEVROLET,SILVERADO,PICKUP TRUCK - STANDARD,6.2,8,A8,Z,16.1,11.4,14.0,20,322
CHEVROLET,SILVERADO 4WD,PICKUP TRUCK - STANDARD,6.2,8,A8,Z,16.3,11.6,14.2,20,327
CHEVROLET,SUBURBAN 4WD,SUV - STANDARD,5.3,8,A6,X,15.4,10.8,13.3,21,306
CHEVROLET,SUBURBAN 4WD,SUV - STANDARD,5.3,8,A6,E,22.1,15.4,19.1,15,306
DODGE,CHALLENGER,MID-SIZE,5.7,8,M6,X,15.6,10.0,13.1,22,301
DODGE,CHALLENGER,MID-SIZE,6.4,8,M6,Z,16.8,10.4,13.9,20,320
DODGE,CHALLENGER SRT,MID-SIZE,6.4,8,M6,Z,16.8,10.4,13.9,20,320
DODGE,CHALLENGER SRT HELLCAT,MID-SIZE,6.2,8,A8,Z,18.0,10.7,14.7,19,338
DODGE,CHALLENGER SRT HELLCAT,MID-SIZE,6.2,8,M6,Z,18.1,11.4,15.1,19,347
DODGE,CHARGER AWD (MDS),FULL-SIZE,5.7,8,A5,X,16.1,10.0,13.4,21,308
DODGE,CHARGER SRT HELLCAT,FULL-SIZE,6.2,8,A8,Z,18.0,10.7,14.7,19,338
DODGE,DURANGO AWD (MDS),SUV - STANDARD,5.7,8,A8,X,17.3,11.5,14.7,19,338
DODGE,VIPER SRT COUPE,TWO-SEATER,8.4,10,M6,Z,19.4,11.3,15.8,18,363
FORD,EXPEDITION 4X4,SUV - STANDARD,3.5,6,AS6,X,16.2,11.8,14.2,20,327
FORD,EXPEDITION MAX 4X4,SUV - STANDARD,3.5,6,AS6,X,16.4,12.0,14.4,20,331
FORD,F-150 FFV,PICKUP TRUCK - STANDARD,5.0,8,AS6,X,15.5,10.6,13.3,21,306
FORD,F-150 FFV 4X4,PICKUP TRUCK - STANDARD,5.0,8,AS6,X,16.0,11.3,13.9,20,320
FORD,T-150 WAGON,VAN - PASSENGER,3.5,6,AS6,X,16.6,12.5,14.7,19,338
FORD,T-150 WAGON FFV,VAN - PASSENGER,3.7,6,AS6,X,16.6,12.6,14.8,19,340
FORD,T-150 WAGON FFV,VAN - PASSENGER,3.7,6,AS6,E,22.1,16.7,19.7,14,315
GMC,SAVANA 2500 PASSENGER,VAN - PASSENGER,4.8,8,A6,X,21.0,14.2,18.0,16,414
GMC,SAVANA 2500 PASSENGER,VAN - PASSENGER,6.0,8,A6,X,22.0,14.9,18.8,15,432
GMC,SAVANA 2500 PASSENGER FFV,VAN - PASSENGER,6.0,8,A6,X,22.0,14.9,18.8,15,432
GMC,SAVANA 2500 PASSENGER FFV,VAN - PASSENGER,6.0,8,A6,E,30.3,20.5,25.9,11,414
GMC,SAVANA 3500 PASSENGER,VAN - PASSENGER,4.8,8,A6,X,21.3,14.3,18.1,16,416
GMC,SAVANA 3500 PASSENGER,VAN - PASSENGER,6.0,8,A6,X,22.2,15.1,19.0,15,437
GMC,SAVANA 3500 PASSENGER FFV,VAN - PASSENGER,6.0,8,A6,X,22.2,15.1,19.0,15,437
GMC,SAVANA 3500 PASSENGER FFV,VAN - PASSENGER,6.0,8,A6,E,30.6,20.6,26.1,11,418
GMC,SIERRA,PICKUP TRUCK - STANDARD,6.2,8,A8,Z,16.1,11.4,14.0,20,322
GMC,SIERRA 4WD,PICKUP TRUCK - STANDARD,6.2,8,A8,Z,16.3,11.6,14.2,20,327
GMC,YUKON DENALI 4WD,SUV - STANDARD,6.2,8,A6,Z,16.2,11.4,14.0,20,322
GMC,YUKON DENALI 4WD,SUV - STANDARD,6.2,8,A8,Z,15.9,11.1,13.8,20,317
GMC,YUKON XL 4WD,SUV - STANDARD,5.3,8,A6,X,15.4,10.8,13.3,21,306
GMC,YUKON XL 4WD,SUV - STANDARD,5.3,8,A6,E,22.1,15.4,19.1,15,306
GMC,YUKON XL DENALI 4WD,SUV - STANDARD,6.2,8,A6,Z,16.8,11.7,14.5,19,334
GMC,YUKON XL DENALI 4WD,SUV - STANDARD,6.2,8,A8,Z,16.4,11.7,14.3,20,329
HYUNDAI,EQUUS,FULL-SIZE,5.0,8,AS8,Z,15.8,10.2,13.3,21,306
HYUNDAI,GENESIS AWD,FULL-SIZE,5.0,8,AS8,Z,17.3,10.5,14.2,20,327
INFINITI,QX80 4WD,SUV - STANDARD,5.6,8,AS7,Z,16.9,11.9,14.7,19,338
JAGUAR,XFR,MID-SIZE,5.0,8,AS8,Z,15.7,10.3,13.2,21,304
JAGUAR,XFR-S,MID-SIZE,5.0,8,AS8,Z,15.7,10.3,13.2,21,304
JAGUAR,XJ SUPERCHARGED,FULL-SIZE,5.0,8,AS8,Z,15.8,10.2,13.3,21,306
JAGUAR,XJL SUPERCHARGED,FULL-SIZE,5.0,8,AS8,Z,15.8,10.2,13.3,21,306
JAGUAR,XJR,FULL-SIZE,5.0,8,AS8,Z,15.8,10.2,13.3,21,306
JAGUAR,XJR LWB,FULL-SIZE,5.0,8,AS8,Z,15.8,10.2,13.3,21,306
JAGUAR,XKR CONVERTIBLE,MINICOMPACT,5.0,8,AS6,Z,15.9,10.9,13.6,21,313
JAGUAR,XKR COUPE,MINICOMPACT,5.0,8,AS6,Z,15.6,10.9,13.4,21,308
JAGUAR,XKR-S CONVERTIBLE,MINICOMPACT,5.0,8,AS6,Z,15.9,10.9,13.6,21,313
JAGUAR,XKR-S COUPE,MINICOMPACT,5.0,8,AS6,Z,15.6,10.9,13.4,21,308
JEEP,GRAND CHEROKEE 4X4 (MDS),SUV - STANDARD,5.7,8,A8,X,17.3,11.5,14.7,19,338
JEEP,GRAND CHEROKEE SRT 4X4 (MDS),SUV - STANDARD,6.4,8,A8,Z,18.5,12.6,15.8,18,363
JEEP,WRANGLER UNLIMITED 4X4,SUV - SMALL,3.6,6,A5,X,14.8,11.7,13.4,21,308
JEEP,WRANGLER UNLIMITED 4X4,SUV - SMALL,3.6,6,M6,X,15.0,11.4,13.4,21,308
KIA,K900,FULL-SIZE,5.0,8,AS8,Z,15.7,10.3,13.3,21,306
LAMBORGHINI,AVENTADOR COUPE,TWO-SEATER,6.5,12,AM7,Z,22.2,12.7,17.9,16,412
LAMBORGHINI,AVENTADOR ROADSTER,TWO-SEATER,6.5,12,AM7,Z,24.0,14.5,19.7,14,453
LAMBORGHINI,HURACAN,TWO-SEATER,5.2,10,AM7,Z,16.8,11.7,14.5,19,334
LAMBORGHINI,VENENO ROADSTER,TWO-SEATER,6.5,12,AM7,Z,22.1,13.9,18.4,15,423
LAND ROVER,LR4,SUV - STANDARD,3.0,6,AS8,Z,16.2,12.1,14.3,20,329
LAND ROVER,RANGE ROVER SUPERCHARGED,SUV - STANDARD,5.0,8,AS8,Z,17.2,12.5,15.1,19,347
LAND ROVER,RANGE ROVER SUPERCHARGED,SUV - STANDARD,5.0,8,AS8,E,25.0,16.9,21.4,13,342
LAND ROVER,RANGE ROVER SUPERCHARGED LWB,SUV - STANDARD,5.0,8,AS8,Z,17.2,12.5,15.1,19,347
LAND ROVER,RANGE ROVER SUPERCHARGED LWB,SUV - STANDARD,5.0,8,AS8,E,25.0,16.9,21.4,13,342
LAND ROVER,RANGE ROVER SPORT SUPERCHARGED,SUV - STANDARD,5.0,8,AS8,Z,16.6,12.3,14.7,19,338
LAND ROVER,RANGE ROVER SPORT SUPERCHARGED,SUV - STANDARD,5.0,8,AS8,E,24.0,16.6,20.7,14,331
LEXUS,GX 460,SUV - STANDARD,4.6,8,AS6,Z,15.7,11.7,13.9,20,320
LEXUS,LX 570,SUV - STANDARD,5.7,8,AS6,Z,19.0,13.6,16.6,17,382
LINCOLN,NAVIGATOR 4X4,SUV - STANDARD,3.5,6,AS6,X,16.2,11.8,14.2,20,327
LINCOLN,NAVIGATOR L 4X4,SUV - STANDARD,3.5,6,AS6,X,16.1,12.3,14.4,20,331
MASERATI,GRANTURISMO,SUBCOMPACT,4.7,8,AS6,Z,18.2,11.4,15.1,19,347
MASERATI,GRANTURISMO CONVERTIBLE,SUBCOMPACT,4.7,8,AS6,Z,18.2,11.6,15.2,19,350
MASERATI,QUATTROPORTE GTS,FULL-SIZE,3.8,8,AS8,Z,17.5,10.7,14.5,19,334
MERCEDES-BENZ,C 63 AMG COUPE,SUBCOMPACT,6.2,8,AS7,Z,17.9,12.3,15.4,18,354
MERCEDES-BENZ,CLS 63 AMG 4MATIC,COMPACT,5.5,8,AS7,Z,15.1,10.8,13.1,22,301
MERCEDES-BENZ,E 63 AMG S 4MATIC,MID-SIZE,5.5,8,AS7,Z,15.3,10.8,13.3,21,306
MERCEDES-BENZ,E 63 AMG S 4MATIC WAGON,STATION WAGON - MID-SIZE,5.5,8,AS7,Z,15.2,11.0,13.3,21,306
MERCEDES-BENZ,G 550,SUV - STANDARD,5.5,8,AS7,Z,19.9,16.1,18.2,16,419
MERCEDES-BENZ,G 63 AMG,SUV - STANDARD,5.5,8,AS7,Z,20.0,16.6,18.5,15,426
MERCEDES-BENZ,GL 350 BLUETEC 4MATIC,SUV - STANDARD,3.0,6,AS7,D,13.6,10.0,12.0,24,324
MERCEDES-BENZ,GL 450 4MATIC,SUV - STANDARD,3.0,6,AS7,Z,15.2,12.6,14.0,20,322
MERCEDES-BENZ,GL 550 4MATIC,SUV - STANDARD,4.7,8,AS7,Z,17.5,13.2,15.6,18,359
MERCEDES-BENZ,GL 63 AMG,SUV - STANDARD,5.5,8,AS7,Z,18.2,14.0,16.3,17,375
MERCEDES-BENZ,ML 550 4MATIC,SUV - STANDARD,4.7,8,AS7,Z,16.3,11.8,14.2,20,327
MERCEDES-BENZ,ML 63 AMG 4MATIC,SUV - STANDARD,5.5,8,AS7,Z,17.3,13.5,15.6,18,359
MERCEDES-BENZ,S 600,FULL-SIZE,6.0,12,AS7,Z,18.1,11.0,14.9,19,343
MERCEDES-BENZ,S 63 AMG 4MATIC,FULL-SIZE,5.5,8,AS7,Z,15.7,10.1,13.2,21,304
MERCEDES-BENZ,S 63 AMG COUPE,COMPACT,5.5,8,AS7,Z,15.7,10.1,13.2,21,304
MERCEDES-BENZ,S 65 AMG,FULL-SIZE,6.0,12,AS7,Z,18.5,11.8,15.5,18,357
MERCEDES-BENZ,S 65 AMG COUPE,COMPACT,6.0,12,AS7,Z,18.0,11.3,15.0,19,345
MERCEDES-BENZ,SL 65 AMG,TWO-SEATER,6.0,12,AS7,Z,16.7,11.2,14.2,20,327
MERCEDES-BENZ,SLS AMG GT COUPE,TWO-SEATER,6.2,8,AM7,Z,18.1,12.6,15.6,18,359
MERCEDES-BENZ,SLS AMG GT ROADSTER,TWO-SEATER,6.2,8,AM7,Z,18.1,12.6,15.6,18,359
NISSAN,ARMADA 4WD,SUV - STANDARD,5.6,8,A5,X,19.2,13.4,16.6,17,382
NISSAN,FRONTIER 4WD,PICKUP TRUCK - SMALL,4.0,6,A5,X,15.7,11.3,13.7,21,315
NISSAN,FRONTIER 4WD,PICKUP TRUCK - SMALL,4.0,6,M6,X,15.0,11.2,13.3,21,306
NISSAN,TITAN,PICKUP TRUCK - STANDARD,5.6,8,A5,X,18.4,13.3,16.1,18,370
NISSAN,TITAN 4WD,PICKUP TRUCK - STANDARD,5.6,8,A5,X,19.7,14.3,17.2,16,396
NISSAN,XTERRA 4WD,SUV - SMALL,4.0,6,A5,X,16.0,12.0,14.2,20,327
NISSAN,XTERRA 4WD,SUV - SMALL,4.0,6,M6,X,16.0,12.3,14.4,20,331
PORSCHE,911 GT3,TWO-SEATER,3.8,6,AM7,Z,16.0,11.5,14.0,20,322
PORSCHE,CAYENNE TURBO,SUV - STANDARD,4.8,8,A8,Z,16.7,11.2,14.2,20,327
RAM,1500 (MDS),PICKUP TRUCK - STANDARD,5.7,8,A6,X,17.1,12.0,14.8,19,340
RAM,1500 (MDS),PICKUP TRUCK - STANDARD,5.7,8,A8,X,15.7,10.9,13.6,21,313
RAM,1500 4X4 (MDS),PICKUP TRUCK - STANDARD,5.7,8,A6,X,17.7,12.7,15.4,18,354
RAM,1500 4X4 (MDS),PICKUP TRUCK - STANDARD,5.7,8,A8,X,16.2,11.5,14.1,20,324
ROLLS-ROYCE,GHOST,FULL-SIZE,6.6,12,AS8,Z,19.2,12.4,16.1,18,370
ROLLS-ROYCE,GHOST EWB,FULL-SIZE,6.6,12,AS8,Z,19.2,12.4,16.1,18,370
ROLLS-ROYCE,PHANTOM,FULL-SIZE,6.7,12,AS8,Z,20.9,12.7,17.2,16,396
ROLLS-ROYCE,PHANTOM EWB,FULL-SIZE,6.7,12,AS8,Z,20.7,12.9,17.2,16,396
ROLLS-ROYCE,PHANTOM COUPE,COMPACT,6.7,12,AS8,Z,20.9,12.7,17.2,16,396
ROLLS-ROYCE,PHANTOM DROPHEAD COUPE,COMPACT,6.7,12,AS8,Z,20.7,12.9,17.2,16,396
ROLLS-ROYCE,WRAITH,MID-SIZE,6.6,12,AS8,Z,18.7,11.8,15.6,18,359
TOYOTA,SEQUOIA 4WD,SUV - STANDARD,5.7,8,AS6,X,18.8,14.0,16.6,17,382
TOYOTA,TACOMA,PICKUP TRUCK - SMALL,4.0,6,M6,X,14.5,11.3,13.1,22,301
TOYOTA,TACOMA 4WD,PICKUP TRUCK - SMALL,4.0,6,A5,X,14.8,11.6,13.4,21,308
TOYOTA,TACOMA 4WD,PICKUP TRUCK - SMALL,4.0,6,M6,X,15.3,12.3,14.0,20,322
TOYOTA,TUNDRA,PICKUP TRUCK - STANDARD,4.6,8,AS6,X,15.9,12.3,14.3,20,329
TOYOTA,TUNDRA,PICKUP TRUCK - STANDARD,5.7,8,AS6,X,17.2,12.8,15.2,19,350
TOYOTA,TUNDRA 4WD,PICKUP TRUCK - STANDARD,4.6,8,AS6,X,16.9,12.8,15.1,19,347
TOYOTA,TUNDRA 4WD,PICKUP TRUCK - STANDARD,5.7,8,AS6,X,18.5,14.2,16.6,17,382
ASTON MARTIN,DB9 GT,MINICOMPACT,5.9,12,A6,Z,18.0,12.6,15.6,18,365
ASTON MARTIN,RAPIDE S,SUBCOMPACT,6.0,12,A8,Z,16.8,10.9,14.2,20,332
ASTON MARTIN,VANQUISH,MINICOMPACT,6.0,12,A8,Z,17.6,11.4,14.8,19,346
ASTON MARTIN,V8 VANTAGE,TWO-SEATER,4.7,8,AM7,Z,17.4,11.3,14.7,19,343
ASTON MARTIN,V8 VANTAGE,TWO-SEATER,4.7,8,M6,Z,18.1,12.3,15.5,18,362
ASTON MARTIN,VANTAGE GT,TWO-SEATER,4.7,8,AM7,Z,17.4,11.3,14.7,19,343
ASTON MARTIN,VANTAGE GT,TWO-SEATER,4.7,8,M6,Z,18.1,12.3,15.5,18,362
ASTON MARTIN,V8 VANTAGE S,TWO-SEATER,4.7,8,AM7,Z,17.4,11.3,14.7,19,343
ASTON MARTIN,V8 VANTAGE S,TWO-SEATER,4.7,8,M6,Z,18.1,12.3,15.5,18,362
ASTON MARTIN,V12 VANTAGE S,TWO-SEATER,6.0,12,AM7,Z,19.5,12.8,16.5,17,390
AUDI,A8L QUATTRO,FULL-SIZE,6.3,12,AS8,Z,17.8,10.8,14.6,19,344
AUDI,RS 7 QUATTRO,MID-SIZE,4.0,8,AS8,Z,16.6,9.4,13.3,21,313
BENTLEY,CONTINENTAL GT,COMPACT,4.0,8,AS8,Z,16.1,9.4,13.1,22,307
BENTLEY,CONTINENTAL GT,COMPACT,6.0,12,AS8,Z,18.9,11.2,15.4,18,360
BENTLEY,CONTINENTAL GT CONVERTIBLE,SUBCOMPACT,4.0,8,AS8,Z,17.7,10.3,14.4,20,337
BENTLEY,CONTINENTAL GT CONVERTIBLE,SUBCOMPACT,6.0,12,AS8,Z,19.6,11.7,16.0,18,375
BENTLEY,FLYING SPUR,MID-SIZE,4.0,8,AS8,Z,17.7,10.0,14.2,20,334
BENTLEY,FLYING SPUR,MID-SIZE,6.0,12,AS8,Z,20.3,11.9,16.5,17,388
BENTLEY,MULSANNE,MID-SIZE,6.8,8,AS8,Z,21.0,13.1,17.5,16,408
BMW,M5,MID-SIZE,4.4,8,AM7,Z,17.3,11.5,14.7,19,344
BMW,M5,MID-SIZE,4.4,8,M6,Z,16.1,10.9,13.7,21,321
BMW,M6,COMPACT,4.4,8,AM7,Z,17.3,11.5,14.7,19,344
BMW,M6,COMPACT,4.4,8,M6,Z,16.1,10.9,13.7,21,321
BMW,M6 CABRIOLET,SUBCOMPACT,4.4,8,AM7,Z,17.3,11.5,14.7,19,344
BMW,M6 CABRIOLET,SUBCOMPACT,4.4,8,M6,Z,16.1,10.9,13.7,21,321
BMW,M6 GRAN COUPE,COMPACT,4.4,8,AM7,Z,17.3,11.5,14.7,19,344
BMW,M6 GRAN COUPE,COMPACT,4.4,8,M6,Z,16.1,10.9,13.7,21,321
BMW,X5 M,SUV - STANDARD,4.4,8,AS8,Z,16.6,12.1,14.6,19,343
BMW,X5 xDRIVE50i,SUV - STANDARD,4.4,8,AS8,Z,15.7,11.4,13.8,20,322
BMW,X6 M,SUV - STANDARD,4.4,8,AS8,Z,16.6,12.1,14.6,19,343
BMW,X6 xDRIVE50i,SUV - STANDARD,4.4,8,AS8,Z,15.7,11.4,13.8,20,322
BUICK,ENCLAVE,SUV - STANDARD,3.6,6,A6,X,15.8,10.6,13.4,21,315
BUICK,ENCLAVE AWD,SUV - STANDARD,3.6,6,A6,X,16.1,10.8,13.7,21,323
CADILLAC,CTS-V,MID-SIZE,6.2,8,AS8,Z,16.6,11.1,14.1,20,332
CADILLAC,ESCALADE 4WD,SUV - STANDARD,6.2,8,A8,Z,16.0,11.2,13.9,20,325
CADILLAC,XTS Vsport AWD,FULL-SIZE,3.6,6,AS6,Z,15.0,10.2,12.8,22,302
CHEVROLET,CORVETTE Z06,TWO-SEATER,6.2,8,AS8,Z,17.7,10.2,14.3,20,335
CHEVROLET,CORVETTE Z06,TWO-SEATER,6.2,8,M7,Z,15.7,10.6,13.4,21,313
CHEVROLET,EXPRESS 2500 PASSENGER,VAN - PASSENGER,6.0,8,A6,X,22.0,14.9,18.8,15,441
CHEVROLET,EXPRESS 3500 PASSENGER,VAN - PASSENGER,6.0,8,A6,X,23.0,16.0,19.8,14,465
CHEVROLET,SILVERADO,PICKUP TRUCK - STANDARD,6.2,8,A8,Z,16.1,11.4,14.0,20,328
CHEVROLET,SILVERADO 4WD,PICKUP TRUCK - STANDARD,5.3,8,A6,X,15.0,10.7,13.1,22,307
CHEVROLET,SILVERADO 4WD,PICKUP TRUCK - STANDARD,6.2,8,A8,Z,16.3,11.6,14.2,20,332
CHEVROLET,SILVERADO 4WD FFV,PICKUP TRUCK - STANDARD,4.3,6,A6,E,20.3,15.3,18.1,16,301
CHEVROLET,SILVERADO 4WD FFV,PICKUP TRUCK - STANDARD,5.3,8,A6,X,15.0,10.7,13.1,22,306
CHEVROLET,SILVERADO eASSIST 4WD,PICKUP TRUCK - STANDARD,5.3,8,A8,X,14.4,11.2,13.0,22,304
CHEVROLET,SUBURBAN,SUV - STANDARD,5.3,8,A6,X,15.1,10.4,13.0,22,304
CHEVROLET,SUBURBAN FFV,SUV - STANDARD,5.3,8,A6,X,15.1,10.4,13.0,22,304
CHEVROLET,SUBURBAN 4WD,SUV - STANDARD,5.3,8,A6,X,15.4,10.8,13.3,21,312
CHEVROLET,SUBURBAN 4WD FFV,SUV - STANDARD,5.3,8,A6,X,15.4,10.8,13.3,21,312
CHEVROLET,SUBURBAN 4WD FFV,SUV - STANDARD,5.3,8,A6,E,22.2,15.3,19.1,15,317
CHEVROLET,TAHOE,SUV - STANDARD,5.3,8,A6,X,15.1,10.4,13.0,22,304
CHEVROLET,TAHOE FFV,SUV - STANDARD,5.3,8,A6,X,15.1,10.4,13.0,22,304
CHEVROLET,TAHOE 4WD,SUV - STANDARD,5.3,8,A6,X,15.2,10.8,13.2,21,310
CHEVROLET,TAHOE 4WD FFV,SUV - STANDARD,5.3,8,A6,X,15.2,10.8,13.2,21,310
CHEVROLET,TRAVERSE,SUV - STANDARD,3.6,6,A6,X,15.8,10.6,13.4,21,315
CHEVROLET,TRAVERSE AWD,SUV - STANDARD,3.6,6,A6,X,16.1,10.8,13.7,21,323
DODGE,CHALLENGER,MID-SIZE,5.7,8,M6,X,15.6,10.0,13.1,22,307
DODGE,CHALLENGER,MID-SIZE,6.4,8,M6,Z,16.8,10.4,13.9,20,326
DODGE,CHALLENGER (MDS),MID-SIZE,6.4,8,A8,Z,15.7,9.5,12.9,22,302
DODGE,CHALLENGER SRT,MID-SIZE,6.4,8,M6,Z,16.8,10.4,13.9,20,326
DODGE,CHALLENGER SRT (MDS),MID-SIZE,6.4,8,A8,Z,15.7,9.5,12.9,22,302
DODGE,CHALLENGER SRT HELLCAT,MID-SIZE,6.2,8,A8,Z,17.6,10.7,14.5,19,339
DODGE,CHALLENGER SRT HELLCAT,MID-SIZE,6.2,8,M6,Z,18.1,11.4,15.1,19,353
DODGE,CHARGER (MDS),FULL-SIZE,5.7,8,A5,X,15.7,9.6,12.9,22,302
DODGE,CHARGER (MDS),FULL-SIZE,6.4,8,A8,Z,15.7,9.5,12.9,22,302
DODGE,CHARGER AWD (MDS),FULL-SIZE,5.7,8,A5,X,16.1,10.0,13.4,21,313
DODGE,CHARGER SRT (MDS),FULL-SIZE,6.4,8,A8,Z,15.7,9.5,12.9,22,302
DODGE,CHARGER SRT HELLCAT,FULL-SIZE,6.2,8,A8,Z,17.6,10.7,14.5,19,339
DODGE,DURANGO AWD (MDS),SUV - STANDARD,5.7,8,A8,X,16.7,10.7,14.0,20,329
DODGE,VIPER SRT,TWO-SEATER,8.4,10,M6,Z,19.2,11.3,15.6,18,364
FORD,EXPEDITION 4X4,SUV - STANDARD,3.5,6,AS6,X,16.2,11.9,14.3,20,334
FORD,EXPEDITION EL 4X4,SUV - STANDARD,3.5,6,AS6,X,16.4,12.1,14.4,20,338
FORD,EXPLORER AWD,SUV - STANDARD,3.5,6,AS6,X,14.9,10.7,13.0,22,305
FORD,F-150 (Payload Pkg),PICKUP TRUCK - STANDARD,3.5,6,AS6,X,14.7,10.7,12.9,22,303
FORD,F-150 FFV,PICKUP TRUCK - STANDARD,5.0,8,AS6,X,15.3,10.6,13.2,21,309
FORD,F-150 FFV (Payload Pkg),PICKUP TRUCK - STANDARD,5.0,8,AS6,X,16.8,11.8,14.5,19,341
FORD,F-150 4X4,PICKUP TRUCK - STANDARD,3.5,6,AS6,X,14.7,10.7,12.9,22,303
FORD,F-150 4X4 (Payload Pkg),PICKUP TRUCK - STANDARD,3.5,6,AS6,X,15.6,11.7,13.8,20,324
FORD,F-150 FFV 4X4,PICKUP TRUCK - STANDARD,5.0,8,AS6,X,16.0,11.3,13.8,20,324
FORD,F-150 FFV 4X4,PICKUP TRUCK - STANDARD,5.0,8,AS6,E,21.6,15.1,18.7,15,306
FORD,F-150 FFV 4X4 (Payload Pkg),PICKUP TRUCK - STANDARD,5.0,8,AS6,X,16.8,12.4,14.8,19,347
FORD,F-150 FFV 4X4 (Payload Pkg),PICKUP TRUCK - STANDARD,5.0,8,AS6,E,21.8,15.3,18.8,15,310
FORD,FLEX AWD,SUV - STANDARD,3.5,6,AS6,X,14.7,10.7,12.9,22,303
FORD,FLEX AWD GTDI,SUV - STANDARD,3.5,6,AS6,X,15.7,11.2,13.7,21,322
FORD,MUSTANG CONVERTIBLE,SUBCOMPACT,5.0,8,AS6,X,15.4,10.0,13.0,22,304
FORD,SHELBY GT350 MUSTANG,SUBCOMPACT,5.2,8,M6,Z,16.9,11.0,14.2,20,334
FORD,T-150 WAGON,VAN - PASSENGER,3.5,6,AS6,X,16.1,12.7,14.6,19,342
FORD,T-150 WAGON FFV,VAN - PASSENGER,3.7,6,AS6,X,16.8,13.2,15.2,19,356
FORD,T-150 WAGON FFV,VAN - PASSENGER,3.7,6,AS6,E,23.1,18.6,21.0,13,345
GMC,ACADIA,SUV - STANDARD,3.6,6,A6,X,15.8,10.6,13.4,21,315
GMC,ACADIA AWD,SUV - STANDARD,3.6,6,A6,X,16.1,10.8,13.7,21,323
GMC,SAVANA 2500 PASSENGER,VAN - PASSENGER,6.0,8,A6,X,22.0,14.9,18.8,15,441
GMC,SAVANA 3500 PASSENGER,VAN - PASSENGER,6.0,8,A6,X,23.0,16.0,19.8,14,465
GMC,SIERRA,PICKUP TRUCK - STANDARD,6.2,8,A8,Z,16.1,11.4,14.0,20,327
GMC,SIERRA 4WD,PICKUP TRUCK - STANDARD,5.3,8,A6,X,15.0,10.7,13.1,22,307
GMC,SIERRA 4WD,PICKUP TRUCK - STANDARD,6.2,8,A8,Z,16.3,11.6,14.2,20,332
GMC,SIERRA 4WD FFV,PICKUP TRUCK - STANDARD,4.3,6,A6,E,20.3,15.3,18.1,16,301
GMC,SIERRA 4WD FFV,PICKUP TRUCK - STANDARD,5.3,8,A6,X,15.0,10.7,13.1,22,306
GMC,SIERRA eASSIST 4WD,PICKUP TRUCK - STANDARD,5.3,8,A8,X,14.4,11.2,13.0,22,304
GMC,YUKON,SUV - STANDARD,5.3,8,A6,X,15.1,10.4,13.0,22,304
GMC,YUKON FFV,SUV - STANDARD,5.3,8,A6,X,15.1,10.4,13.0,22,304
GMC,YUKON 4WD,SUV - STANDARD,5.3,8,A6,X,15.2,10.8,13.2,21,310
GMC,YUKON 4WD,SUV - STANDARD,6.2,8,A8,Z,15.9,11.1,13.8,20,323
GMC,YUKON 4WD FFV,SUV - STANDARD,5.3,8,A6,X,15.2,10.8,13.2,21,310
GMC,YUKON XL,SUV - STANDARD,5.3,8,A6,X,15.1,10.4,13.0,22,304
GMC,YUKON XL FFV,SUV - STANDARD,5.3,8,A6,X,15.1,10.4,13.0,22,304
GMC,YUKON XL 4WD,SUV - STANDARD,5.3,8,A6,X,15.4,10.8,13.3,21,312
GMC,YUKON XL 4WD,SUV - STANDARD,6.2,8,A8,Z,16.4,11.7,14.3,20,334
GMC,YUKON XL 4WD FFV,SUV - STANDARD,5.3,8,A6,X,15.4,10.8,13.3,21,312
GMC,YUKON XL 4WD FFV,SUV - STANDARD,5.3,8,A6,E,22.2,15.3,19.1,15,317
HYUNDAI,EQUUS,FULL-SIZE,5.0,8,AS8,Z,15.8,10.2,13.3,21,312
HYUNDAI,GENESIS AWD,FULL-SIZE,5.0,8,AS8,Z,17.3,10.5,14.2,20,332
INFINITI,QX70 AWD,SUV - SMALL,3.7,6,AS7,Z,14.5,10.7,12.8,22,301
INFINITI,QX80 4WD,SUV - STANDARD,5.6,8,AS7,Z,17.4,12.2,15.1,19,354
JAGUAR,F-TYPE PROJECT 7 CONVERTIBLE,TWO-SEATER,5.0,8,AS8,Z,15.0,10.2,12.8,22,302
JAGUAR,F-TYPE R AWD CONVERTIBLE,TWO-SEATER,5.0,8,AS8,Z,15.7,10.4,13.3,21,311
JAGUAR,F-TYPE R AWD COUPE,TWO-SEATER,5.0,8,AS6,Z,15.7,10.4,13.3,21,311
JAGUAR,F-TYPE S CONVERTIBLE,TWO-SEATER,3.0,6,M6,Z,15.3,9.9,12.9,22,302
JAGUAR,F-TYPE S COUPE,TWO-SEATER,3.0,6,M6,Z,15.3,9.9,12.9,22,302
JAGUAR,XJR,FULL-SIZE,5.0,8,AS8,Z,15.8,10.2,13.3,21,313
JAGUAR,XJR LWB,FULL-SIZE,5.0,8,AS8,Z,15.8,10.2,13.3,21,313
JEEP,GRAND CHEROKEE 4X4 (MDS),SUV - STANDARD,5.7,8,A8,X,16.7,10.7,14.0,20,329
JEEP,GRAND CHEROKEE SRT 4X4 (MDS),SUV - STANDARD,6.4,8,A8,Z,18.5,12.6,15.8,18,370
JEEP,WRANGLER UNLIMITED 4X4,SUV - SMALL,3.6,6,A5,X,14.8,11.7,13.4,21,314
JEEP,WRANGLER UNLIMITED 4X4,SUV - SMALL,3.6,6,M6,X,15.0,11.4,13.4,21,312
KIA,K900,FULL-SIZE,5.0,8,AS8,X,15.6,10.6,13.4,21,318
LAMBORGHINI,AVENTADOR COUPE,TWO-SEATER,6.5,12,AM7,Z,22.2,12.7,17.9,16,420
LAMBORGHINI,AVENTADOR ROADSTER,TWO-SEATER,6.5,12,AM7,Z,23.6,14.1,19.3,15,452
LAMBORGHINI,HURACAN,TWO-SEATER,5.2,10,AM7,Z,16.4,11.4,14.2,20,331
LAMBORGHINI,HURACAN SPYDER,TWO-SEATER,5.2,10,AM7,Z,16.9,11.8,14.6,19,340
LAND ROVER,LR4,SUV - STANDARD,3.0,6,AS8,Z,16.2,12.1,14.3,20,336
LAND ROVER,RANGE ROVER SUPERCHARGED,SUV - STANDARD,5.0,8,AS8,Z,17.2,12.5,15.1,19,356
LAND ROVER,RANGE ROVER SUPERCHARGED LWB,SUV - STANDARD,5.0,8,AS8,Z,17.2,12.5,15.1,19,356
LAND ROVER,RANGE ROVER SPORT SUPERCHARGED,SUV - STANDARD,5.0,8,AS8,Z,16.6,12.3,14.7,19,344
LEXUS,GX 460,SUV - STANDARD,4.6,8,AS6,Z,15.7,11.7,13.9,20,322
LEXUS,LS 460 AWD,MID-SIZE,4.6,8,AS8,Z,15.2,10.2,12.9,22,303
LEXUS,LS 460 L AWD,MID-SIZE,4.6,8,AS8,Z,15.2,10.2,12.9,22,303
LEXUS,LX 570,SUV - STANDARD,5.7,8,AS8,Z,18.3,12.9,15.9,18,371
LINCOLN,MKT AWD,SUV - STANDARD,3.5,6,AS6,X,15.7,11.2,13.7,21,322
LINCOLN,NAVIGATOR 4X4,SUV - STANDARD,3.5,6,AS6,X,16.2,11.9,14.3,20,334
LINCOLN,NAVIGATOR L 4X4,SUV - STANDARD,3.5,6,AS6,X,16.1,12.4,14.4,20,339
MASERATI,GRANTURISMO,SUBCOMPACT,4.7,8,AS6,Z,18.2,11.4,15.1,19,357
MASERATI,GRANTURISMO CONVERTIBLE,SUBCOMPACT,4.7,8,AS6,Z,18.2,11.6,15.2,19,360
MASERATI,QUATTROPORTE GTS,FULL-SIZE,3.8,8,AS8,Z,16.2,11.0,14.0,20,322
MASERATI,QUATTROPORTE SQ4,FULL-SIZE,3.0,6,AS8,Z,15.1,10.2,12.9,22,302
MERCEDES-BENZ,AMG CLS 63 S 4MATIC,COMPACT,5.5,8,AS7,Z,15.1,10.8,13.1,22,308
MERCEDES-BENZ,AMG E 63 S 4MATIC,MID-SIZE,5.5,8,AS7,Z,15.3,10.8,13.3,21,310
MERCEDES-BENZ,AMG E 63 S 4MATIC WAGON,STATION WAGON - MID-SIZE,5.5,8,AS7,Z,15.2,11.0,13.3,21,310
MERCEDES-BENZ,AMG G 63,SUV - STANDARD,5.5,8,AS7,Z,20.0,16.6,18.5,15,417
MERCEDES-BENZ,AMG G 65,SUV - STANDARD,6.0,12,AS7,Z,24.3,17.9,21.4,13,476
MERCEDES-BENZ,AMG GL 63 S,SUV - STANDARD,5.5,8,AS7,Z,18.2,14.0,16.3,17,369
MERCEDES-BENZ,AMG GLE 63 S 4MATIC,SUV - STANDARD,5.5,8,AS7,Z,17.3,13.5,15.6,18,366
MERCEDES-BENZ,AMG GLE 63 S COUPE 4MATIC,SUV - STANDARD,5.5,8,AS7,Z,17.2,12.8,15.2,19,363
MERCEDES-BENZ,AMG GT S,TWO-SEATER,4.0,8,AM7,Z,14.5,10.8,12.8,22,303
MERCEDES-BENZ,AMG S 63,FULL-SIZE,5.5,8,AS7,Z,15.7,10.1,13.2,21,313
MERCEDES-BENZ,AMG S 63 COUPE,COMPACT,5.5,8,AS7,Z,15.3,10.2,13.0,22,313
MERCEDES-BENZ,AMG S 65,FULL-SIZE,6.0,12,AS7,Z,18.5,11.8,15.5,18,361
MERCEDES-BENZ,AMG S 65 COUPE,COMPACT,6.0,12,AS7,Z,18.0,11.3,15.0,19,355
MERCEDES-BENZ,AMG SL 65,TWO-SEATER,6.0,12,AS7,Z,16.7,11.2,14.2,20,335
MERCEDES-BENZ,G 550,SUV - STANDARD,5.5,8,AS7,Z,19.0,16.5,17.9,16,401
MERCEDES-BENZ,GL 350 BLUETEC 4MATIC,SUV - STANDARD,3.0,6,AS7,D,13.6,10.0,12.0,24,322
MERCEDES-BENZ,GL 550 4MATIC,SUV - STANDARD,4.7,8,AS7,Z,17.5,13.1,15.5,18,365
MERCEDES-BENZ,GLE 550 4MATIC,SUV - STANDARD,4.7,8,AS7,Z,16.2,11.8,14.2,20,335
MERCEDES-BENZ,MAYBACH S 600,FULL-SIZE,6.0,12,AS7,Z,18.2,11.7,15.3,18,359
MERCEDES-BENZ,S 600,FULL-SIZE,6.0,12,AS7,Z,17.3,11.0,14.5,19,340
NISSAN,FRONTIER 4WD,PICKUP TRUCK - SMALL,4.0,6,A5,X,15.7,11.3,13.7,21,322
NISSAN,FRONTIER 4WD,PICKUP TRUCK - SMALL,4.0,6,M6,X,15.0,11.2,13.3,21,313
PORSCHE,911 GT3,TWO-SEATER,3.8,6,AM7,Z,16.0,11.5,14.0,20,329
PORSCHE,911 GT3RS,TWO-SEATER,4.0,6,AM7,Z,16.3,11.8,14.3,20,334
PORSCHE,CAYENNE TURBO,SUV - STANDARD,4.8,8,A8,Z,16.7,11.2,14.2,20,334
PORSCHE,CAYENNE TURBO S,SUV - STANDARD,4.8,8,A8,Z,16.9,11.2,14.3,20,336
PORSCHE,PANAMERA TURBO EXECUTIVE,FULL-SIZE,4.8,8,AM7,Z,15.4,9.8,12.9,22,303
PORSCHE,PANAMERA TURBO S EXECUTIVE,FULL-SIZE,4.8,8,AM7,Z,15.4,9.8,12.9,22,303
RAM,1500 (MDS),PICKUP TRUCK - STANDARD,5.7,8,A6,X,17.1,12.0,14.8,19,348
RAM,1500 (MDS),PICKUP TRUCK - STANDARD,5.7,8,A8,X,15.8,10.9,13.6,21,319
RAM,1500 4X4 (MDS),PICKUP TRUCK - STANDARD,5.7,8,A6,X,17.7,12.7,15.4,18,362
RAM,1500 4X4 (MDS),PICKUP TRUCK - STANDARD,5.7,8,A8,X,16.2,11.5,14.1,20,330
ROLLS-ROYCE,GHOST,FULL-SIZE,6.6,12,AS8,Z,19.2,12.4,16.1,18,373
ROLLS-ROYCE,GHOST EWB,FULL-SIZE,6.6,12,AS8,Z,19.2,12.4,16.1,18,373
ROLLS-ROYCE,PHANTOM,FULL-SIZE,6.7,12,AS8,Z,20.9,12.7,17.2,16,403
ROLLS-ROYCE,PHANTOM EWB,FULL-SIZE,6.7,12,AS8,Z,20.7,12.9,17.2,16,404
ROLLS-ROYCE,PHANTOM COUPE,COMPACT,6.7,12,AS8,Z,20.9,12.7,17.2,16,403
ROLLS-ROYCE,PHANTOM DROPHEAD COUPE,COMPACT,6.7,12,AS8,Z,20.7,12.9,17.2,16,404
ROLLS-ROYCE,WRAITH,MID-SIZE,6.6,12,AS8,Z,18.8,11.8,15.6,18,367
TOYOTA,SEQUOIA 4WD,SUV - STANDARD,5.7,8,AS6,X,18.8,14.0,16.6,17,382
TOYOTA,TUNDRA,PICKUP TRUCK - STANDARD,4.6,8,AS6,X,15.9,12.3,14.3,20,335
TOYOTA,TUNDRA,PICKUP TRUCK - STANDARD,5.7,8,AS6,X,17.3,13.0,15.4,18,360
TOYOTA,TUNDRA 4WD,PICKUP TRUCK - STANDARD,4.6,8,AS6,X,16.9,12.9,15.1,19,351
TOYOTA,TUNDRA 4WD,PICKUP TRUCK - STANDARD,5.7,8,AS6,X,18.2,14.1,16.3,17,380
ASTON MARTIN,DB11 V12,MINICOMPACT,5.2,12,A8,Z,15.5,11.4,13.7,21,322
ASTON MARTIN,RAPIDE S,SUBCOMPACT,6.0,12,A8,Z,16.7,10.9,14.1,20,331
ASTON MARTIN,VANQUISH,MINICOMPACT,6.0,12,A8,Z,17.5,11.4,14.7,19,345
ASTON MARTIN,V12 VANTAGE S,TWO-SEATER,6.0,12,AM7,Z,19.4,12.8,16.4,17,388
ASTON MARTIN,V12 VANTAGE S,TWO-SEATER,6.0,12,M7,Z,23.2,14.4,19.2,15,450
AUDI,R8,TWO-SEATER,5.2,10,AM7,Z,16.5,11.2,14.1,20,330
AUDI,R8 SPYDER,TWO-SEATER,5.2,10,AM7,Z,16.5,11.2,14.1,20,330
AUDI,RS 7,MID-SIZE,4.0,8,AS8,Z,16.2,9.3,13.1,22,309
AUDI,S8,MID-SIZE,4.0,8,AS8,Z,16.2,9.9,13.4,21,312
BENTLEY,BENTAYGA,SUV - STANDARD,6.0,12,AS8,Z,18.8,12.2,15.9,18,370
BENTLEY,CONTINENTAL GT,COMPACT,4.0,8,AS8,Z,16.1,9.4,13.1,22,307
BENTLEY,CONTINENTAL GT,COMPACT,6.0,12,AS8,Z,18.9,11.2,15.4,18,360
BENTLEY,CONTINENTAL GT CONVERTIBLE,SUBCOMPACT,4.0,8,AS8,Z,17.7,10.3,14.4,20,337
BENTLEY,CONTINENTAL GT CONVERTIBLE,SUBCOMPACT,6.0,12,AS8,Z,19.6,11.7,16.0,18,375
BENTLEY,FLYING SPUR,MID-SIZE,4.0,8,AS8,Z,17.0,9.9,13.8,20,321
BENTLEY,FLYING SPUR,MID-SIZE,6.0,12,AS8,Z,19.6,11.7,16.0,18,375
BENTLEY,MULSANNE,MID-SIZE,6.8,8,AS8,Z,21.3,12.8,17.5,16,407
BENTLEY,MULSANNE EWB,MID-SIZE,6.8,8,AS8,Z,22.2,13.6,18.3,15,430
BMW,M6,COMPACT,4.4,8,AM7,Z,17.2,11.6,14.7,19,343
BMW,M6,COMPACT,4.4,8,M6,Z,16.2,10.9,13.8,20,324
BMW,M6 CABRIOLET,SUBCOMPACT,4.4,8,AM7,Z,17.2,11.6,14.7,19,343
BMW,M6 CABRIOLET,SUBCOMPACT,4.4,8,M6,Z,16.2,10.9,13.8,20,324
BMW,M6 GRAN COUPE,COMPACT,4.4,8,AM7,Z,17.2,11.6,14.7,19,343
BMW,M6 GRAN COUPE,COMPACT,4.4,8,M6,Z,16.2,10.9,13.8,20,324
BMW,M760i xDRIVE,FULL-SIZE,6.6,12,AS8,Z,17.7,11.9,15.1,19,355
BMW,X5 M,SUV - STANDARD,4.4,8,AS8,Z,16.6,12.1,14.6,19,341
BMW,X5 xDRIVE50i,SUV - STANDARD,4.4,8,AS8,Z,15.6,11.3,13.7,21,320
BMW,X6 M,SUV - STANDARD,4.4,8,AS8,Z,16.6,12.1,14.6,19,341
BMW,X6 xDRIVE50i,SUV - STANDARD,4.4,8,AS8,Z,15.6,11.3,13.7,21,320
BUICK,ENCLAVE,SUV - STANDARD,3.6,6,A6,X,15.7,10.6,13.4,21,315
BUICK,ENCLAVE AWD,SUV - STANDARD,3.6,6,A6,X,16.0,10.9,13.7,21,322
CADILLAC,CTS-V,MID-SIZE,6.2,8,AS8,Z,16.5,11.1,14.0,20,329
CADILLAC,ESCALADE 4WD,SUV - STANDARD,6.2,8,A8,Z,16.1,11.7,14.1,20,331
CHEVROLET,CAMARO ZL1,SUBCOMPACT,6.2,8,AS10,Z,19.0,11.6,15.6,18,367
CHEVROLET,CAMARO ZL1,SUBCOMPACT,6.2,8,M6,Z,17.2,12.0,14.9,19,349
CHEVROLET,COLORADO ZR2 4WD,PICKUP TRUCK - SMALL,2.8,4,A6,D,12.5,10.7,11.7,24,315
CHEVROLET,COLORADO ZR2 4WD,PICKUP TRUCK - SMALL,3.6,6,A8,X,15.0,13.0,14.1,20,331
CHEVROLET,CORVETTE Z06,TWO-SEATER,6.2,8,AS8,Z,17.6,10.3,14.3,20,336
CHEVROLET,CORVETTE Z06,TWO-SEATER,6.2,8,M7,Z,15.6,10.6,13.4,21,312
CHEVROLET,EQUINOX AWD,SUV - SMALL,3.6,6,A6,X,15.0,10.4,13.0,22,304
CHEVROLET,EXPRESS 2500 PASSENGER,VAN - PASSENGER,6.0,8,A6,X,21.8,14.8,18.6,15,438
CHEVROLET,EXPRESS 3500 PASSENGER,VAN - PASSENGER,6.0,8,A6,X,22.3,14.9,19.0,15,445
CHEVROLET,SILVERADO,PICKUP TRUCK - STANDARD,5.3,8,A8,X,15.2,10.7,13.1,22,309
CHEVROLET,SILVERADO,PICKUP TRUCK - STANDARD,6.2,8,A8,Z,15.9,11.2,13.8,20,324
CHEVROLET,SILVERADO 4WD,PICKUP TRUCK - STANDARD,5.3,8,A6,X,15.0,10.7,13.1,22,307
CHEVROLET,SILVERADO 4WD,PICKUP TRUCK - STANDARD,5.3,8,A8,X,15.9,11.5,13.9,20,327
CHEVROLET,SILVERADO 4WD,PICKUP TRUCK - STANDARD,6.2,8,A8,Z,16.0,11.7,14.1,20,330
CHEVROLET,SILVERADO 4WD FFV,PICKUP TRUCK - STANDARD,5.3,8,A6,X,15.0,10.7,13.1,22,307
CHEVROLET,SILVERADO 4WD FFV,PICKUP TRUCK - STANDARD,5.3,8,A6,E,20.7,14.4,17.9,16,315
CHEVROLET,SILVERADO eASSIST 4WD,PICKUP TRUCK - STANDARD,5.3,8,A8,X,14.4,11.2,13.0,22,303
CHEVROLET,SUBURBAN,SUV - STANDARD,5.3,8,A6,X,15.1,10.4,13.0,22,305
CHEVROLET,SUBURBAN FFV,SUV - STANDARD,5.3,8,A6,X,15.1,10.4,13.0,22,305
CHEVROLET,SUBURBAN 4WD,SUV - STANDARD,5.3,8,A6,X,15.4,10.8,13.3,21,312
CHEVROLET,SUBURBAN 4WD FFV,SUV - STANDARD,5.3,8,A6,X,15.4,10.8,13.3,21,312
CHEVROLET,SUBURBAN 4WD FFV,SUV - STANDARD,5.3,8,A6,E,22.1,15.4,19.1,15,317
CHEVROLET,TAHOE,SUV - STANDARD,5.3,8,A6,X,15.1,10.4,13.0,22,305
CHEVROLET,TAHOE FFV,SUV - STANDARD,5.3,8,A6,X,15.1,10.4,13.0,22,305
CHEVROLET,TAHOE 4WD,SUV - STANDARD,5.3,8,A6,X,15.2,10.8,13.2,21,310
CHEVROLET,TAHOE 4WD FFV,SUV - STANDARD,5.3,8,A6,X,15.2,10.8,13.2,21,310
CHEVROLET,TRAVERSE,SUV - STANDARD,3.6,6,A6,X,15.7,10.6,13.4,21,315
CHEVROLET,TRAVERSE AWD,SUV - STANDARD,3.6,6,A6,X,16.0,10.9,13.7,21,322
DODGE,CHALLENGER,MID-SIZE,5.7,8,M6,Z,15.6,10.1,13.1,22,307
DODGE,CHALLENGER,MID-SIZE,6.4,8,M6,Z,16.7,10.4,13.9,20,325
DODGE,CHALLENGER (MDS),MID-SIZE,6.4,8,A8,Z,15.6,9.6,12.9,22,302
DODGE,CHALLENGER SRT,MID-SIZE,6.4,8,M6,Z,16.7,10.4,13.9,20,325
DODGE,CHALLENGER SRT (MDS),MID-SIZE,6.4,8,A8,Z,15.6,9.6,12.9,22,302
DODGE,CHALLENGER SRT HELLCAT,MID-SIZE,6.2,8,A8,Z,17.6,10.7,14.5,19,339
DODGE,CHALLENGER SRT HELLCAT,MID-SIZE,6.2,8,M6,Z,18.1,11.4,15.1,19,352
DODGE,CHARGER (MDS),FULL-SIZE,5.7,8,A5,X,15.6,9.7,12.9,22,302
DODGE,CHARGER (MDS),FULL-SIZE,6.4,8,A8,Z,15.6,9.6,12.9,22,302
DODGE,CHARGER AWD,FULL-SIZE,5.7,8,A5,X,16.0,10.1,13.3,21,312
DODGE,CHARGER SRT (MDS),FULL-SIZE,6.4,8,A8,Z,15.6,9.6,12.9,22,302
DODGE,CHARGER SRT HELLCAT,FULL-SIZE,6.2,8,A8,Z,17.6,10.7,14.5,19,339
DODGE,DURANGO AWD,SUV - STANDARD,5.7,8,A8,X,16.6,10.7,14.0,20,328
DODGE,VIPER,TWO-SEATER,8.4,10,M6,Z,19.9,12.6,16.6,17,387
FORD,EXPEDITION 4X4,SUV - STANDARD,3.5,6,AS6,X,15.9,12.0,14.2,20,333
FORD,EXPEDITION EL 4X4,SUV - STANDARD,3.5,6,AS6,X,16.1,12.2,14.3,20,337
FORD,EXPLORER AWD,SUV - STANDARD,3.5,6,AS6,X,14.8,10.7,13.0,22,305
FORD,F-150 FFV,PICKUP TRUCK - STANDARD,5.0,8,AS6,X,15.4,10.6,13.2,21,310
FORD,F-150 FFV (Payload Pkg),PICKUP TRUCK - STANDARD,5.0,8,AS6,X,16.8,11.8,14.5,19,340
FORD,F-150 FFV 4X4,PICKUP TRUCK - STANDARD,5.0,8,AS6,X,15.9,11.3,13.8,20,323
FORD,F-150 FFV 4X4,PICKUP TRUCK - STANDARD,5.0,8,AS6,E,21.5,15.1,18.6,15,305
FORD,F-150 FFV 4X4 (LT Tire Pkg),PICKUP TRUCK - STANDARD,5.0,8,AS6,X,16.0,11.8,14.1,20,330
FORD,F-150 FFV 4X4 (LT Tire Pkg),PICKUP TRUCK - STANDARD,5.0,8,AS6,E,21.5,15.1,18.6,15,306
FORD,F-150 FFV 4X4 (Payload Pkg),PICKUP TRUCK - STANDARD,5.0,8,AS6,X,16.8,12.4,14.8,19,347
FORD,F-150 FFV 4X4 (Payload Pkg),PICKUP TRUCK - STANDARD,5.0,8,AS6,E,22.2,16.5,19.6,14,326
FORD,F-150 RAPTOR 4X4,PICKUP TRUCK - STANDARD,3.5,6,AS10,X,15.6,13.2,14.5,19,339
FORD,FLEX AWD,SUV - STANDARD,3.5,6,AS6,X,14.7,10.7,12.9,22,303
FORD,FLEX AWD GTDI,SUV - STANDARD,3.5,6,AS6,X,15.7,11.2,13.7,21,321
FORD,GT,TWO-SEATER,3.5,6,AM7,Z,20.6,13.2,17.3,16,406
FORD,MUSTANG,SUBCOMPACT,5.0,8,AS6,X,15.6,9.6,12.9,22,303
FORD,MUSTANG,SUBCOMPACT,5.0,8,M6,X,15.8,9.8,13.1,22,307
FORD,MUSTANG (Performance Pkg),SUBCOMPACT,5.0,8,M6,X,16.7,10.2,13.8,20,324
FORD,MUSTANG CONVERTIBLE,SUBCOMPACT,5.0,8,AS6,X,15.5,10.3,13.2,21,309
FORD,MUSTANG CONVERTIBLE,SUBCOMPACT,5.0,8,M6,X,16.7,10.2,13.8,20,324
FORD,SHELBY GT350 MUSTANG,SUBCOMPACT,5.2,8,M6,Z,17.2,11.3,14.6,19,341
FORD,T-150 WAGON,VAN - PASSENGER,3.5,6,AS6,X,16.2,12.8,14.6,19,344
FORD,T-150 WAGON FFV,VAN - PASSENGER,3.7,6,AS6,X,16.7,13.0,15.1,19,354
FORD,T-150 WAGON FFV,VAN - PASSENGER,3.7,6,AS6,E,23.0,18.5,20.9,14,343
GENESIS,G80 AWD,FULL-SIZE,5.0,8,AS8,Z,17.2,10.5,14.2,20,332
GENESIS,G90 AWD,FULL-SIZE,5.0,8,AS8,Z,15.2,10.2,13.0,22,306
GMC,SAVANA 2500 PASSENGER,VAN - PASSENGER,6.0,8,A6,X,21.8,14.8,18.6,15,438
GMC,SAVANA 3500 PASSENGER,VAN - PASSENGER,6.0,8,A6,X,22.3,14.9,19.0,15,445
GMC,SIERRA,PICKUP TRUCK - STANDARD,5.3,8,A8,X,15.2,10.7,13.1,22,309
GMC,SIERRA,PICKUP TRUCK - STANDARD,6.2,8,A8,Z,15.9,11.2,13.8,20,323
GMC,SIERRA 4WD,PICKUP TRUCK - STANDARD,5.3,8,A6,X,15.0,10.7,13.1,22,307
GMC,SIERRA 4WD,PICKUP TRUCK - STANDARD,5.3,8,A8,X,15.9,11.5,13.9,20,327
GMC,SIERRA 4WD,PICKUP TRUCK - STANDARD,6.2,8,A8,Z,16.0,11.7,14.1,20,330
GMC,SIERRA 4WD FFV,PICKUP TRUCK - STANDARD,5.3,8,A6,X,15.0,10.7,13.1,22,307
GMC,SIERRA 4WD FFV,PICKUP TRUCK - STANDARD,5.3,8,A6,E,20.7,14.4,17.9,16,317
GMC,SIERRA eASSIST 4WD,PICKUP TRUCK - STANDARD,5.3,8,A8,X,14.4,11.2,13.0,22,303
GMC,TERRAIN AWD,SUV - SMALL,3.6,6,A6,X,15.0,10.4,13.0,22,304
GMC,YUKON,SUV - STANDARD,5.3,8,A6,X,15.1,10.4,13.0,22,305
GMC,YUKON FFV,SUV - STANDARD,5.3,8,A6,X,15.1,10.4,13.0,22,305
GMC,YUKON 4WD,SUV - STANDARD,5.3,8,A6,X,15.2,10.8,13.2,21,310
GMC,YUKON 4WD FFV,SUV - STANDARD,5.3,8,A6,X,15.2,10.8,13.2,21,310
GMC,YUKON DENALI 4WD,SUV - STANDARD,6.2,8,A8,Z,16.0,11.7,14.1,20,330
GMC,YUKON XL,SUV - STANDARD,5.3,8,A6,X,15.1,10.4,13.0,22,305
GMC,YUKON XL FFV,SUV - STANDARD,5.3,8,A6,X,15.1,10.4,13.0,22,305
GMC,YUKON XL 4WD,SUV - STANDARD,5.3,8,A6,X,15.4,10.8,13.3,21,312
GMC,YUKON XL 4WD FFV,SUV - STANDARD,5.3,8,A6,X,15.4,10.8,13.3,21,312
GMC,YUKON XL 4WD FFV,SUV - STANDARD,5.3,8,A6,E,22.1,15.4,19.1,15,317
GMC,YUKON XL DENALI 4WD,SUV - STANDARD,6.2,8,A8,Z,16.3,11.7,14.2,20,333
INFINITI,QX70 AWD,SUV - SMALL,3.7,6,AS7,Z,14.5,10.8,12.8,22,301
INFINITI,QX80 4WD,SUV - STANDARD,5.6,8,AS7,Z,17.4,12.2,15.1,19,355
JAGUAR,F-TYPE R CONVERTIBLE AWD,TWO-SEATER,5.0,8,AS8,Z,15.6,10.4,13.3,21,311
JAGUAR,F-TYPE R COUPE AWD,TWO-SEATER,5.0,8,AS6,Z,15.6,10.4,13.3,21,311
JAGUAR,F-TYPE S CONVERTIBLE,TWO-SEATER,3.0,6,M6,Z,15.3,10.0,12.9,22,302
JAGUAR,F-TYPE S COUPE,TWO-SEATER,3.0,6,M6,Z,15.3,10.0,12.9,22,302
JAGUAR,XJR,FULL-SIZE,5.0,8,AS8,Z,15.8,10.3,13.3,21,313
JAGUAR,XJR  LWB,FULL-SIZE,5.0,8,AS8,Z,15.8,10.3,13.3,21,313
JEEP,GRAND CHEROKEE 4X4,SUV - STANDARD,5.7,8,A8,X,16.6,10.7,14.0,20,328
JEEP,GRAND CHEROKEE SRT8,SUV - STANDARD,6.4,8,A8,Z,18.3,12.6,15.7,18,368
JEEP,WRANGLER UNLIMITED 4X4,SUV - SMALL,3.6,6,A5,X,14.7,11.7,13.4,21,313
JEEP,WRANGLER UNLIMITED 4X4,SUV - SMALL,3.6,6,M6,X,15.0,11.4,13.3,21,312
KIA,K900,FULL-SIZE,5.0,8,AS8,Z,15.6,10.6,13.3,21,317
LAMBORGHINI,AVENTADOR COUPE,TWO-SEATER,6.5,12,AM7,Z,22.2,12.7,17.9,16,428
LAMBORGHINI,AVENTADOR COUPE LP 740,TWO-SEATER,6.5,12,AM7,Z,23.9,14.5,19.7,14,461
LAMBORGHINI,AVENTADOR ROADSTER,TWO-SEATER,6.5,12,AM7,Z,23.0,13.5,18.7,15,438
LAMBORGHINI,AVENTADOR ROADSTER LP 740,TWO-SEATER,6.5,12,AM7,Z,23.9,14.5,19.7,14,461
LAMBORGHINI,HURACAN,TWO-SEATER,5.2,10,AM7,Z,16.4,11.4,14.2,20,331
LAMBORGHINI,HURACAN SPYDER,TWO-SEATER,5.2,10,AM7,Z,16.9,11.8,14.6,19,340
LEXUS,GX 460,SUV - STANDARD,4.6,8,AS6,Z,16.0,12.9,14.6,19,341
LEXUS,LS 460 AWD,MID-SIZE,4.6,8,AS8,Z,15.1,10.3,12.9,22,303
LEXUS,LS 460 L AWD,MID-SIZE,4.6,8,AS8,Z,15.1,10.3,12.9,22,303
LEXUS,LX 570,SUV - STANDARD,5.7,8,AS8,Z,18.2,13.0,15.8,18,372
LINCOLN,MKT AWD,SUV - STANDARD,3.5,6,AS6,X,15.7,11.2,13.7,21,321
LINCOLN,NAVIGATOR 4X4,SUV - STANDARD,3.5,6,AS6,X,15.9,12.0,14.2,20,333
LINCOLN,NAVIGATOR L 4X4,SUV - STANDARD,3.5,6,AS6,X,16.1,12.4,14.5,19,339
MASERATI,GRANTURISMO,SUBCOMPACT,4.7,8,AS6,Z,18.2,11.4,15.1,19,355
MASERATI,GRANTURISMO CONVERTIBLE,SUBCOMPACT,4.7,8,AS6,Z,18.2,11.6,15.2,19,358
MASERATI,LEVANTE,SUV - STANDARD,3.0,6,AS8,Z,16.8,11.9,14.7,19,340
MASERATI,LEVANTE S,SUV - STANDARD,3.0,6,AS8,Z,16.8,12.4,14.7,19,346
MASERATI,QUATTROPORTE GTS,FULL-SIZE,3.8,8,AS8,Z,16.1,10.8,13.8,20,321
MASERATI,QUATTROPORTE SQ4,FULL-SIZE,3.0,6,AS8,Z,15.0,10.3,13.1,22,301
MERCEDES-BENZ,AMG CLS 63 S 4MATIC,COMPACT,5.5,8,AS7,Z,15.1,10.8,13.1,22,308
MERCEDES-BENZ,AMG G 63,SUV - STANDARD,5.5,8,AS7,Z,20.0,16.6,18.5,15,413
MERCEDES-BENZ,AMG G 65,SUV - STANDARD,6.0,12,AS7,Z,22.2,18.0,20.3,14,467
MERCEDES-BENZ,AMG GLC 43 4MATIC COUPE,SUV - SMALL,3.0,6,A9,Z,17.4,11.1,14.6,19,353
MERCEDES-BENZ,AMG GLE 63 S 4MATIC,SUV - STANDARD,5.5,8,AS7,Z,17.3,13.5,15.6,18,363
MERCEDES-BENZ,AMG GLE 63 S 4MATIC COUPE,SUV - STANDARD,5.5,8,AS7,Z,17.2,12.8,15.2,19,363
MERCEDES-BENZ,AMG GLS 63,SUV - STANDARD,5.5,8,AS7,Z,18.2,14.0,16.3,17,369
MERCEDES-BENZ,AMG GT COUPE,TWO-SEATER,4.0,8,AS7,Z,14.5,10.8,12.8,22,303
MERCEDES-BENZ,AMG GT S COUPE,TWO-SEATER,4.0,8,AS7,Z,14.5,10.8,12.8,22,303
MERCEDES-BENZ,AMG S 63 4MATIC,FULL-SIZE,5.5,8,AS7,Z,15.7,10.1,13.2,21,313
MERCEDES-BENZ,AMG S 63 CABRIOLET,COMPACT,5.5,8,AS7,Z,16.4,10.6,13.8,20,322
MERCEDES-BENZ,AMG S 63 COUPE,COMPACT,5.5,8,AS7,Z,15.3,10.2,13.0,22,305
MERCEDES-BENZ,AMG S 65,FULL-SIZE,6.0,12,AS7,Z,17.6,10.9,14.6,19,349
MERCEDES-BENZ,AMG S 65 CABRIOLET,COMPACT,6.0,12,AS7,Z,17.1,11.0,14.3,20,348
MERCEDES-BENZ,AMG S 65 COUPE,COMPACT,6.0,12,AS7,Z,18.7,11.6,15.5,18,365
MERCEDES-BENZ,AMG SL 65,TWO-SEATER,6.0,12,AS7,Z,17.6,10.8,14.5,19,340
MERCEDES-BENZ,G 550,SUV - STANDARD,4.0,8,AS7,Z,19.0,16.6,17.9,16,401
MERCEDES-BENZ,GLE 550 4MATIC,SUV - STANDARD,4.7,8,A9,Z,15.3,11.3,13.5,21,318
MERCEDES-BENZ,GLS 450 4MATIC,SUV - STANDARD,3.0,6,A9,Z,14.4,11.4,13.0,22,306
MERCEDES-BENZ,GLS 550 4MATIC,SUV - STANDARD,4.7,8,A9,Z,16.7,12.9,15.0,19,347
MERCEDES-BENZ,MAYBACH S 600,FULL-SIZE,6.0,12,AS7,Z,18.2,11.0,15.0,19,359
MERCEDES-BENZ,S 600,FULL-SIZE,6.0,12,AS7,Z,17.5,10.8,14.5,19,350
NISSAN,ARMADA 4WD,SUV - STANDARD,5.6,8,AS7,X,17.5,12.9,15.4,18,362
NISSAN,FRONTIER,PICKUP TRUCK - SMALL,4.0,6,A5,X,14.8,10.6,12.9,22,304
NISSAN,FRONTIER 4WD,PICKUP TRUCK - SMALL,4.0,6,A5,X,15.8,11.5,13.8,20,326
NISSAN,FRONTIER 4WD,PICKUP TRUCK - SMALL,4.0,6,M6,X,15.1,11.5,13.5,21,317
NISSAN,TITAN,PICKUP TRUCK - STANDARD,5.6,8,AS7,X,15.0,11.2,13.3,21,312
NISSAN,TITAN 4WD,PICKUP TRUCK - STANDARD,5.6,8,AS7,X,15.2,11.1,13.4,21,315
NISSAN,TITAN 4WD PRO-4X,PICKUP TRUCK - STANDARD,5.6,8,AS7,X,16.0,12.0,14.2,20,333
PORSCHE,CAYENNE TURBO,SUV - STANDARD,4.8,8,A8,Z,16.7,11.2,14.2,20,334
PORSCHE,CAYENNE TURBO S,SUV - STANDARD,4.8,8,A8,Z,16.7,11.2,14.2,20,334
RAM,1500,PICKUP TRUCK - STANDARD,5.7,8,A6,X,17.0,12.0,14.8,19,346
RAM,1500,PICKUP TRUCK - STANDARD,5.7,8,A8,X,15.7,11.0,13.6,21,319
RAM,1500 4X4,PICKUP TRUCK - STANDARD,5.7,8,A6,X,17.5,12.7,15.4,18,361
RAM,1500 4X4,PICKUP TRUCK - STANDARD,5.7,8,A8,X,16.1,11.5,14.0,20,328
ROLLS-ROYCE,DAWN,COMPACT,6.6,12,AS8,Z,20.0,12.6,16.7,17,390
ROLLS-ROYCE,GHOST,FULL-SIZE,6.6,12,AS8,Z,20.0,12.6,16.7,17,390
ROLLS-ROYCE,GHOST EWB,FULL-SIZE,6.6,12,AS8,Z,20.0,12.6,16.7,17,390
ROLLS-ROYCE,PHANTOM,FULL-SIZE,6.7,12,AS8,Z,20.7,12.7,17.1,17,400
ROLLS-ROYCE,PHANTOM EWB,FULL-SIZE,6.7,12,AS8,Z,20.7,12.7,17.1,17,400
ROLLS-ROYCE,PHANTOM COUPE,COMPACT,6.7,12,AS8,Z,20.7,12.7,17.1,17,400
ROLLS-ROYCE,PHANTOM DROPHEAD COUPE,COMPACT,6.7,12,AS8,Z,20.6,12.8,17.1,17,401
ROLLS-ROYCE,WRAITH,MID-SIZE,6.6,12,AS8,Z,19.0,12.5,16.1,18,375
TOYOTA,4RUNNER 4WD,SUV - STANDARD,4.0,6,AS5,X,14.3,12.0,13.3,21,310
TOYOTA,4RUNNER 4WD (Part-Time 4WD),SUV - STANDARD,4.0,6,AS5,X,14.3,12.0,13.3,21,310
TOYOTA,SEQUOIA 4WD,SUV - STANDARD,5.7,8,AS6,X,18.7,13.8,16.5,17,380
TOYOTA,TACOMA 4WD,PICKUP TRUCK - SMALL,3.5,6,M6,X,13.8,11.6,12.8,22,301
TOYOTA,TUNDRA,PICKUP TRUCK - STANDARD,4.6,8,AS6,X,15.8,12.3,14.2,20,334
TOYOTA,TUNDRA,PICKUP TRUCK - STANDARD,5.7,8,AS6,X,17.2,12.9,15.3,18,358
TOYOTA,TUNDRA 4WD,PICKUP TRUCK - STANDARD,4.6,8,AS6,X,16.8,12.6,14.9,19,349
TOYOTA,TUNDRA 4WD,PICKUP TRUCK - STANDARD,5.7,8,AS6,X,18.1,13.9,16.2,17,378
ASTON MARTIN,DB11 V12,MINICOMPACT,5.2,12,A8,Z,15.5,11.4,13.7,21,322
ASTON MARTIN,RAPIDE S,SUBCOMPACT,6.0,12,A8,Z,16.7,10.9,14.1,20,332
ASTON MARTIN,VANQUISH,MINICOMPACT,6.0,12,A8,Z,17.5,11.4,14.7,19,346
AUDI,R8,TWO-SEATER,5.2,10,AM7,Z,16.0,9.5,13.1,22,304
AUDI,R8 QUATTRO,TWO-SEATER,5.2,10,AM7,Z,17.1,11.3,14.5,19,338
AUDI,R8 SPYDER,TWO-SEATER,5.2,10,AM7,Z,17.1,11.3,14.5,19,338
AUDI,RS 7,MID-SIZE,4.0,8,AS8,Z,17.0,9.6,13.7,21,318
AUDI,S8,MID-SIZE,4.0,8,AS8,Z,16.2,9.9,13.4,21,313
BENTLEY,BENTAYGA,SUV - STANDARD,6.0,12,AS8,Z,18.8,12.2,15.9,18,370
BENTLEY,CONTINENTAL GT CONVERTIBLE,COMPACT,6.0,12,AS8,Z,20.4,12.0,16.6,17,389
BENTLEY,CONTINENTAL SUPERSPORTS,COMPACT,6.0,12,AS8,Z,20.4,12.0,16.6,17,389
BENTLEY,FLYING SPUR,MID-SIZE,4.0,8,AS8,Z,18.8,10.7,15.1,19,353
BENTLEY,FLYING SPUR,MID-SIZE,6.0,12,AS8,Z,20.4,12.0,16.6,17,389
BENTLEY,MULSANNE,MID-SIZE,6.8,8,AS8,Z,20.9,13.0,17.3,16,405
BMW,M6 CABRIOLET,SUBCOMPACT,4.4,8,AM7,Z,17.3,11.6,14.7,19,344
BMW,M6 CABRIOLET,SUBCOMPACT,4.4,8,M6,Z,16.2,10.9,13.8,20,324
BMW,M6 COUPE,SUBCOMPACT,4.4,8,AM7,Z,17.3,11.6,14.7,19,344
BMW,M6 COUPE,SUBCOMPACT,4.4,8,M6,Z,16.2,10.9,13.8,20,324
BMW,M6 GRAN COUPE,COMPACT,4.4,8,AM7,Z,17.3,11.6,14.7,19,344
BMW,M6 GRAN COUPE,COMPACT,4.4,8,M6,Z,16.2,10.9,13.8,20,324
BMW,M760i xDRIVE,FULL-SIZE,6.6,12,AS8,Z,17.7,11.9,15.1,19,355
BMW,X5 xDRIVE50i,SUV - STANDARD,4.4,8,AS8,Z,15.4,11.2,13.5,21,317
BMW,X5 M,SUV - STANDARD,4.4,8,AS8,Z,16.6,12.1,14.6,19,341
BMW,X6 xDRIVE50i,SUV - STANDARD,4.4,8,AS8,Z,15.4,11.2,13.5,21,317
BMW,X6 M,SUV - STANDARD,4.4,8,AS8,Z,16.6,12.1,14.6,19,341
BUGATTI,CHIRON,TWO-SEATER,8.0,16,AM7,Z,26.8,16.6,22.2,13,522
CADILLAC,CTS Vsport,MID-SIZE,3.6,6,AS8,Z,15.0,9.9,12.7,22,311
CADILLAC,CTS-V,MID-SIZE,6.2,8,AS8,Z,16.5,11.1,14.0,20,329
CADILLAC,ESCALADE 4WD,SUV - STANDARD,6.2,8,A10,Z,16.6,10.9,14.0,20,329
CADILLAC,XTS Vsport AWD,FULL-SIZE,3.6,6,AS6,Z,15.0,10.2,12.8,22,302
CHEVROLET,CAMARO ZL1,SUBCOMPACT,6.2,8,AS10,Z,18.8,11.3,15.4,18,361
CHEVROLET,CAMARO ZL1,SUBCOMPACT,6.2,8,M6,Z,17.1,12.0,14.8,19,348
CHEVROLET,COLORADO ZR2 4WD,PICKUP TRUCK - SMALL,2.8,4,A6,D,12.5,10.7,11.7,24,315
CHEVROLET,COLORADO ZR2 4WD,PICKUP TRUCK - SMALL,3.6,6,A8,X,15.0,13.0,14.1,20,331
CHEVROLET,CORVETTE Z06,TWO-SEATER,6.2,8,AS8,Z,17.6,10.3,14.3,20,336
CHEVROLET,CORVETTE Z06,TWO-SEATER,6.2,8,M7,Z,15.6,10.6,13.4,21,312
CHEVROLET,SILVERADO,PICKUP TRUCK - STANDARD,5.3,8,A8,X,14.9,10.9,13.1,22,307
CHEVROLET,SILVERADO,PICKUP TRUCK - STANDARD,6.2,8,A8,Z,15.9,11.2,13.8,20,324
CHEVROLET,SILVERADO 4WD,PICKUP TRUCK - STANDARD,5.3,8,A6,X,15.0,10.7,13.1,22,307
CHEVROLET,SILVERADO 4WD FFV,PICKUP TRUCK - STANDARD,5.3,8,A6,X,15.0,10.7,13.1,22,307
CHEVROLET,SILVERADO 4WD FFV,PICKUP TRUCK - STANDARD,5.3,8,A6,E,21.0,15.0,18.3,15,309
CHEVROLET,SILVERADO 4WD,PICKUP TRUCK - STANDARD,5.3,8,A8,X,15.6,11.6,13.8,20,324
CHEVROLET,SILVERADO 4WD,PICKUP TRUCK - STANDARD,6.2,8,A8,Z,16.0,11.7,14.1,20,331
CHEVROLET,SILVERADO eASSIST 4WD,PICKUP TRUCK - STANDARD,5.3,8,A8,X,14.4,11.2,13.0,22,304
CHEVROLET,SUBURBAN,SUV - STANDARD,5.3,8,A6,X,15.1,10.4,13.0,22,305
CHEVROLET,SUBURBAN FFV,SUV - STANDARD,5.3,8,A6,X,15.1,10.4,13.0,22,305
CHEVROLET,SUBURBAN 4WD,SUV - STANDARD,5.3,8,A6,X,15.3,10.9,13.3,21,313
CHEVROLET,SUBURBAN 4WD FFV,SUV - STANDARD,5.3,8,A6,X,15.3,10.9,13.3,21,312
CHEVROLET,SUBURBAN 4WD FFV,SUV - STANDARD,5.3,8,A6,E,22.3,15.7,19.3,15,321
CHEVROLET,TAHOE,SUV - STANDARD,5.3,8,A6,X,15.1,10.4,13.0,22,305
CHEVROLET,TAHOE FFV,SUV - STANDARD,5.3,8,A6,X,15.1,10.4,13.0,22,305
CHEVROLET,TAHOE 4WD,SUV - STANDARD,5.3,8,A6,X,15.2,10.8,13.2,21,310
CHEVROLET,TAHOE 4WD FFV,SUV - STANDARD,5.3,8,A6,X,15.2,10.8,13.2,21,310
CHEVROLET,TAHOE 4WD,SUV - STANDARD,6.2,8,A10,Z,16.4,10.7,13.8,20,325
DODGE,CHALLENGER,MID-SIZE,5.7,8,M6,Z,15.6,10.1,13.1,22,307
DODGE,CHALLENGER,MID-SIZE,6.4,8,M6,Z,16.7,10.4,13.9,20,325
DODGE,CHALLENGER (MDS),MID-SIZE,6.4,8,A8,Z,15.6,9.6,12.9,22,302
DODGE,CHALLENGER SRT,MID-SIZE,6.4,8,M6,Z,16.7,10.4,13.9,20,325
DODGE,CHALLENGER SRT (MDS),MID-SIZE,6.4,8,A8,Z,15.6,9.6,12.9,22,302
DODGE,CHALLENGER SRT DEMON,MID-SIZE,6.2,8,A8,Z,17.6,10.7,14.5,19,339
DODGE,CHALLENGER SRT HELLCAT,MID-SIZE,6.2,8,A8,Z,17.6,10.7,14.5,19,339
DODGE,CHALLENGER SRT HELLCAT,MID-SIZE,6.2,8,M6,Z,18.1,11.4,15.1,19,352
DODGE,CHARGER (MDS),FULL-SIZE,5.7,8,A5,X,15.6,9.7,12.9,22,302
DODGE,CHARGER (MDS),FULL-SIZE,6.4,8,A8,Z,15.6,9.6,12.9,22,302
DODGE,CHARGER AWD (MDS),FULL-SIZE,5.7,8,A5,X,16.0,10.1,13.3,21,312
DODGE,CHARGER SRT (MDS),FULL-SIZE,6.4,8,A8,Z,15.6,9.6,12.9,22,302
DODGE,CHARGER SRT HELLCAT,FULL-SIZE,6.2,8,A8,Z,17.6,10.7,14.5,19,339
DODGE,DURANGO AWD,SUV - STANDARD,5.7,8,A8,X,16.7,10.9,14.1,20,331
DODGE,DURANGO AWD SRT,SUV - STANDARD,6.4,8,A8,Z,18.3,12.2,15.6,18,363
FORD,EXPEDITION MAX 4X4,SUV - STANDARD,3.5,6,AS10,X,14.9,11.2,13.2,21,311
FORD,EXPLORER AWD,SUV - STANDARD,3.5,6,AS6,X,14.8,10.7,13.0,22,305
FORD,F-150 (LT Tire Pkg),PICKUP TRUCK - STANDARD,5.0,8,AS10,X,14.7,11.2,13.1,22,308
FORD,F-150 FFV (LT Tire Pkg),PICKUP TRUCK - STANDARD,5.0,8,AS10,X,14.7,11.2,13.1,22,307
FORD,F-150 (Payload Pkg),PICKUP TRUCK - STANDARD,5.0,8,AS10,X,14.7,11.8,13.8,20,324
FORD,F-150 FFV (Payload Pkg),PICKUP TRUCK - STANDARD,5.0,8,AS10,X,14.7,11.8,13.8,20,323
FORD,F-150 4X4 (Payload Pkg),PICKUP TRUCK - STANDARD,3.5,6,AS10,X,14.5,11.2,13.0,22,305
FORD,F-150 4X4,PICKUP TRUCK - STANDARD,5.0,8,AS10,X,14.6,10.9,13.0,22,304
FORD,F-150 FFV 4X4,PICKUP TRUCK - STANDARD,5.0,8,AS10,X,15.1,11.0,13.3,21,311
FORD,F-150 4X4 (LT Tire Pkg),PICKUP TRUCK - STANDARD,5.0,8,AS10,X,14.7,11.8,13.8,20,324
FORD,F-150 FFV 4X4 (LT Tire Pkg),PICKUP TRUCK - STANDARD,5.0,8,AS10,X,15.1,11.8,13.8,20,324
FORD,F-150 4X4 (Payload Pkg),PICKUP TRUCK - STANDARD,5.0,8,AS10,X,15.7,12.4,14.2,20,334
FORD,F-150 FFV 4X4 (Payload Pkg),PICKUP TRUCK - STANDARD,5.0,8,AS10,X,16.1,12.4,14.5,19,339
FORD,F-150 FFV 4X4 (Payload Pkg),PICKUP TRUCK - STANDARD,5.0,8,AS10,E,21.4,17.2,19.5,14,325
FORD,F-150 RAPTOR 4WD,PICKUP TRUCK - STANDARD,3.5,6,AS10,X,15.6,13.2,14.5,19,339
FORD,FLEX AWD,SUV - STANDARD,3.5,6,AS6,X,14.7,10.7,12.9,22,303
FORD,FLEX AWD GTDI,SUV - STANDARD,3.5,6,AS6,X,15.7,11.2,13.7,21,322
FORD,GT,TWO-SEATER,3.5,6,AM7,Z,20.4,13.1,17.1,17,403
FORD,MUSTANG CONVERTIBLE,SUBCOMPACT,5.0,8,AS10,X,15.5,10.0,13.1,22,305
FORD,SHELBY GT350 MUSTANG,SUBCOMPACT,5.2,8,M6,Z,17.2,11.3,14.6,19,341
FORD,T-150 WAGON,VAN - PASSENGER,3.5,6,AS6,X,16.2,12.8,14.7,19,345
FORD,T-150 WAGON,VAN - PASSENGER,3.7,6,AS6,X,16.8,13.1,15.1,19,354
GENESIS,G80 AWD,FULL-SIZE,5.0,8,AS8,Z,15.6,10.4,13.2,21,312
GENESIS,G90 AWD,FULL-SIZE,5.0,8,AS8,Z,15.2,10.2,13.0,22,306
GMC,SIERRA,PICKUP TRUCK - STANDARD,5.3,8,A8,X,14.9,10.9,13.1,22,307
GMC,SIERRA,PICKUP TRUCK - STANDARD,6.2,8,A8,Z,15.9,11.2,13.8,20,323
GMC,SIERRA 4WD,PICKUP TRUCK - STANDARD,5.3,8,A6,X,15.0,10.7,13.1,22,307
GMC,SIERRA 4WD FFV,PICKUP TRUCK - STANDARD,5.3,8,A6,X,15.0,10.7,13.1,22,307
GMC,SIERRA 4WD FFV,PICKUP TRUCK - STANDARD,5.3,8,A6,E,21.0,15.0,18.3,15,309
GMC,SIERRA 4WD,PICKUP TRUCK - STANDARD,5.3,8,A8,X,15.6,11.6,13.8,20,324
GMC,SIERRA 4WD,PICKUP TRUCK - STANDARD,6.2,8,A8,Z,16.0,11.7,14.1,20,331
GMC,SIERRA eASSIST 4WD,PICKUP TRUCK - STANDARD,5.3,8,A8,X,14.4,11.2,13.0,22,304
GMC,YUKON,SUV - STANDARD,5.3,8,A6,X,15.1,10.4,13.0,22,305
GMC,YUKON FFV,SUV - STANDARD,5.3,8,A6,X,15.1,10.4,13.0,22,305
GMC,YUKON 4WD,SUV - STANDARD,5.3,8,A6,X,15.2,10.8,13.2,21,310
GMC,YUKON 4WD FFV,SUV - STANDARD,5.3,8,A6,X,15.2,10.8,13.2,21,310
GMC,YUKON 4WD,SUV - STANDARD,6.2,8,A10,Z,16.4,10.7,13.8,20,325
GMC,YUKON XL,SUV - STANDARD,5.3,8,A6,X,15.1,10.4,13.0,22,305
GMC,YUKON XL FFV,SUV - STANDARD,5.3,8,A6,X,15.1,10.4,13.0,22,305
GMC,YUKON XL 4WD,SUV - STANDARD,5.3,8,A6,X,15.3,10.9,13.3,21,313
GMC,YUKON XL 4WD FFV,SUV - STANDARD,5.3,8,A6,X,15.3,10.9,13.3,21,312
GMC,YUKON XL 4WD FFV,SUV - STANDARD,5.3,8,A6,E,22.3,15.7,19.3,15,321
GMC,YUKON XL 4WD,SUV - STANDARD,6.2,8,A10,Z,17.1,11.3,14.5,19,340
INFINITI,Q70 AWD,MID-SIZE,5.6,8,AS7,Z,14.9,10.3,12.8,22,301
INFINITI,QX80 4WD,SUV - STANDARD,5.6,8,AS7,Z,17.4,12.2,15.1,19,354
JAGUAR,F-TYPE CONVERTIBLE R-DYNAMIC,TWO-SEATER,3.0,6,M6,Z,15.3,10.0,12.9,22,302
JAGUAR,F-TYPE COUPE R-DYNAMIC,TWO-SEATER,3.0,6,M6,Z,15.3,10.0,12.9,22,302
JAGUAR,F-TYPE R AWD CONVERTIBLE,TWO-SEATER,5.0,8,AS8,Z,15.6,10.4,13.3,21,311
JAGUAR,F-TYPE R AWD COUPE,TWO-SEATER,5.0,8,AS8,Z,15.6,10.4,13.3,21,311
JAGUAR,XJR LWB,FULL-SIZE,5.0,8,AS8,Z,15.8,10.3,13.3,21,313
JEEP,GRAND CHEROKEE 4X4,SUV - STANDARD,5.7,8,A8,X,16.7,10.9,14.1,20,331
JEEP,GRAND CHEROKEE 4X4 SRT,SUV - STANDARD,6.4,8,A8,Z,18.3,12.6,15.7,18,368
JEEP,GRAND CHEROKEE 4X4 TRACKHAWK,SUV - STANDARD,6.2,8,A8,Z,20.9,13.8,17.7,16,413
JEEP,WRANGLER JK UNLIMITED 4X4,SUV - SMALL,3.6,6,A5,X,14.7,11.7,13.4,21,313
JEEP,WRANGLER JK UNLIMITED 4X4,SUV - SMALL,3.6,6,M6,X,15.0,11.4,13.3,21,312
KIA,K900,FULL-SIZE,5.0,8,AS8,Z,15.6,10.6,13.3,21,317
LAMBORGHINI,AVENTADOR COUPE,TWO-SEATER,6.5,12,AM7,Z,23.8,14.1,19.4,15,454
LAMBORGHINI,AVENTADOR ROADSTER,TWO-SEATER,6.5,12,AM7,Z,24.2,14.5,19.8,14,464
LAMBORGHINI,AVENTADOR S COUPE,TWO-SEATER,6.5,12,AM7,Z,23.8,14.1,19.4,15,454
LAMBORGHINI,AVENTADOR S ROADSTER,TWO-SEATER,6.5,12,AM7,Z,24.2,14.5,19.8,14,464
LAMBORGHINI,HURACAN,TWO-SEATER,5.2,10,AM7,Z,16.8,11.4,14.4,20,336
LAMBORGHINI,HURACAN AWD,TWO-SEATER,5.2,10,AM7,Z,17.2,12.2,15.0,19,349
LAMBORGHINI,HURACAN SPYDER,TWO-SEATER,5.2,10,AM7,Z,16.7,11.7,14.5,19,337
LAMBORGHINI,HURACAN SPYDER AWD,TWO-SEATER,5.2,10,AM7,Z,17.2,12.3,15.0,19,350
LEXUS,GX 460,SUV - STANDARD,4.6,8,AS6,Z,16.0,12.9,14.6,19,341
LEXUS,LX 570,SUV - STANDARD,5.7,8,AS8,Z,18.2,12.8,15.8,18,371
LINCOLN,MKT AWD,SUV - STANDARD,3.5,6,AS6,X,15.7,11.2,13.7,21,322
LINCOLN,NAVIGATOR 4X4,SUV - STANDARD,3.5,6,AS10,X,14.9,11.3,13.3,21,310
MASERATI,GRANTURISMO,SUBCOMPACT,4.7,8,AS6,Z,18.2,11.4,15.1,19,355
MASERATI,GRANTURISMO CONVERTIBLE,SUBCOMPACT,4.7,8,AS6,Z,18.2,11.6,15.2,19,358
MASERATI,LEVANTE,SUV - STANDARD,3.0,6,AS8,Z,16.4,11.9,14.4,20,340
MASERATI,LEVANTE S,SUV - STANDARD,3.0,6,AS8,Z,16.6,12.2,14.7,19,346
MASERATI,QUATTROPORTE GTS,FULL-SIZE,3.8,8,AS8,Z,16.1,10.8,13.7,21,321
MASERATI,QUATTROPORTE SQ4,FULL-SIZE,3.0,6,AS8,Z,15.0,10.3,12.8,22,301
MERCEDES-BENZ,AMG E 63 S 4MATIC,MID-SIZE,4.0,8,A9,Z,15.5,10.6,13.3,21,313
MERCEDES-BENZ,AMG E 63 S 4MATIC WAGON,STATION WAGON - MID-SIZE,4.0,8,A9,Z,15.2,11.0,13.3,21,312
MERCEDES-BENZ,AMG G 63,SUV - STANDARD,5.5,8,A7,Z,19.9,15.5,17.9,16,419
MERCEDES-BENZ,AMG G 65,SUV - STANDARD,6.0,12,A7,Z,22.2,18.0,20.3,14,473
MERCEDES-BENZ,AMG GLE 63 S 4MATIC,SUV - STANDARD,5.5,8,A7,Z,17.2,13.4,15.5,18,364
MERCEDES-BENZ,AMG GLE 63 S 4MATIC COUPE,SUV - STANDARD,5.5,8,A7,Z,17.2,12.8,15.2,19,357
MERCEDES-BENZ,AMG GLS 63 4MATIC,SUV - STANDARD,5.5,8,A7,Z,17.6,13.3,15.7,18,367
MERCEDES-BENZ,AMG GT COUPE,TWO-SEATER,4.0,8,AM7,Z,14.5,10.8,12.8,22,302
MERCEDES-BENZ,AMG GT ROADSTER,TWO-SEATER,4.0,8,AM7,Z,14.7,11.0,13.0,22,304
MERCEDES-BENZ,AMG GT C COUPE,TWO-SEATER,4.0,8,AM7,Z,15.5,11.7,13.8,20,322
MERCEDES-BENZ,AMG GT C ROADSTER,TWO-SEATER,4.0,8,AM7,Z,15.5,11.7,13.8,20,322
MERCEDES-BENZ,AMG GT R COUPE,TWO-SEATER,4.0,8,AM7,Z,15.6,11.9,13.9,20,324
MERCEDES-BENZ,AMG GT S COUPE,TWO-SEATER,4.0,8,AM7,Z,14.5,10.8,12.8,22,302
MERCEDES-BENZ,AMG S 63 4MATIC CABRIOLET,SUBCOMPACT,4.0,8,A9,Z,15.8,9.8,13.1,22,306
MERCEDES-BENZ,AMG S 65,FULL-SIZE,6.0,12,A7,Z,18.6,10.9,15.1,19,356
MERCEDES-BENZ,AMG SL 65,TWO-SEATER,6.0,12,A7,Z,17.6,10.8,14.5,19,339
MERCEDES-BENZ,G 550,SUV - STANDARD,4.0,8,A7,Z,18.2,16.5,17.5,16,410
MERCEDES-BENZ,GLE 550 4MATIC,SUV - STANDARD,4.7,8,A9,Z,15.2,11.4,13.5,21,317
MERCEDES-BENZ,GLS 450 4MATIC,SUV - STANDARD,3.0,6,A9,Z,14.3,11.4,13.0,22,305
MERCEDES-BENZ,GLS 550 4MATIC,SUV - STANDARD,4.7,8,A9,Z,16.5,12.6,14.7,19,346
MERCEDES-BENZ,MAYBACH S 650,FULL-SIZE,6.0,12,A9,Z,18.4,11.1,15.1,19,355
NISSAN,ARMADA 4WD,SUV - STANDARD,5.6,8,AS7,X,17.5,12.8,15.4,18,362
NISSAN,FRONTIER 4WD,PICKUP TRUCK - SMALL,4.0,6,A5,X,15.8,11.5,13.9,20,326
NISSAN,FRONTIER 4WD,PICKUP TRUCK - SMALL,4.0,6,M6,X,15.1,11.5,13.5,21,317
NISSAN,TITAN,PICKUP TRUCK - STANDARD,5.6,8,AS7,X,15.0,11.2,13.3,21,312
NISSAN,TITAN 4WD,PICKUP TRUCK - STANDARD,5.6,8,AS7,X,15.2,11.1,13.4,21,315
NISSAN,TITAN 4WD PRO-4X,PICKUP TRUCK - STANDARD,5.6,8,AS7,X,15.9,11.9,14.1,20,331
PORSCHE,911 GT3,TWO-SEATER,4.0,6,AM7,Z,15.8,11.6,13.9,20,324
PORSCHE,911 GT3,TWO-SEATER,4.0,6,M6,Z,18.0,11.5,15.1,19,352
PORSCHE,CAYENNE TURBO,SUV - STANDARD,4.8,8,A8,Z,16.7,11.2,14.3,20,334
PORSCHE,CAYENNE TURBO S,SUV - STANDARD,4.8,8,A8,Z,16.7,11.2,14.3,20,334
RAM,1500,PICKUP TRUCK - STANDARD,5.7,8,A6,X,17.0,12.0,14.8,19,346
RAM,1500,PICKUP TRUCK - STANDARD,5.7,8,A8,X,15.7,11.0,13.6,21,319
RAM,1500 4X4,PICKUP TRUCK - STANDARD,5.7,8,A6,X,18.7,13.3,16.3,17,382
RAM,1500 4X4,PICKUP TRUCK - STANDARD,5.7,8,A8,X,16.1,11.5,14.0,20,328
ROLLS-ROYCE,DAWN,COMPACT,6.6,12,AS8,Z,20.3,13.0,17.0,17,397
ROLLS-ROYCE,GHOST,FULL-SIZE,6.6,12,AS8,Z,20.3,13.0,17.0,17,397
ROLLS-ROYCE,GHOST EWB,FULL-SIZE,6.6,12,AS8,Z,20.3,13.0,17.0,17,397
ROLLS-ROYCE,PHANTOM,FULL-SIZE,6.7,12,AS8,Z,20.0,12.4,16.6,17,387
ROLLS-ROYCE,PHANTOM EWB,FULL-SIZE,6.7,12,AS8,Z,20.0,12.4,16.6,17,387
ROLLS-ROYCE,WRAITH,MID-SIZE,6.6,12,AS8,Z,19.6,12.9,16.6,17,388
TOYOTA,4RUNNER 4WD,SUV - STANDARD,4.0,6,AS5,X,14.3,11.9,13.2,21,308
TOYOTA,4RUNNER 4WD (Part-Time 4WD),SUV - STANDARD,4.0,6,AS5,X,14.3,11.9,13.2,21,308
TOYOTA,SEQUOIA 4WD,SUV - STANDARD,5.7,8,AS6,X,18.4,13.8,16.4,17,384
TOYOTA,TUNDRA,PICKUP TRUCK - STANDARD,5.7,8,AS6,X,17.7,13.6,15.9,18,371
TOYOTA,TUNDRA 4WD,PICKUP TRUCK - STANDARD,4.6,8,AS6,X,16.8,13.1,14.9,19,354
TOYOTA,TUNDRA 4WD,PICKUP TRUCK - STANDARD,5.7,8,AS6,X,18.0,14.2,16.3,17,383
ASTON MARTIN,DB11 AMR,MINICOMPACT,5.2,12,A8,Z,15.5,10.6,13.3,21,312
ASTON MARTIN,DBS Superleggera,MINICOMPACT,5.2,12,A8,Z,16.4,10.7,13.8,20,324
ASTON MARTIN,Rapide AMR,SUBCOMPACT,6.0,12,A8,Z,16.7,10.9,14.1,20,332
ASTON MARTIN,Vanquish Zagato,MINICOMPACT,6.0,12,A8,Z,17.5,11.4,14.7,19,346
BENTLEY,Bentayga,SUV - STANDARD,4.0,8,AS8,Z,16.4,10.1,13.6,21,315
BENTLEY,Mulsanne,MID-SIZE,6.8,8,AS8,Z,24.5,14.4,20.0,14,465
BMW,M5,MID-SIZE,4.4,8,AS8,Z,16.0,11.2,13.9,20,324
BMW,M5 Competition,MID-SIZE,4.4,8,AS8,Z,16.0,11.2,13.9,20,324
BMW,M6 Gran Coupe,COMPACT,4.4,8,AM7,Z,17.3,11.6,14.7,19,344
BMW,M760Li xDrive,FULL-SIZE,6.6,12,AS8,Z,17.7,11.9,15.1,19,355
BMW,X5 xDrive50i,SUV - STANDARD,4.4,8,AS8,Z,15.3,11.1,13.4,21,314
BMW,X6 M,SUV - STANDARD,4.4,8,AS8,Z,16.6,12.1,14.6,19,341
BUGATTI,Chiron,TWO-SEATER,8.0,16,AM7,Z,26.8,16.6,22.2,13,522
CADILLAC,CT6 AWD,FULL-SIZE,4.2,8,AS10,Z,17.3,9.5,13.8,20,324
CADILLAC,CTS-V,MID-SIZE,6.2,8,AS8,Z,17.1,11.0,14.3,20,337
CADILLAC,Escalade 4WD,SUV - STANDARD,6.2,8,A10,Z,16.6,10.9,14.0,20,328
CADILLAC,XTS Vsport AWD,FULL-SIZE,3.6,6,AS6,Z,15.0,10.1,12.8,22,302
CHEVROLET,Camaro ZL1,SUBCOMPACT,6.2,8,AS10,Z,18.3,11.2,15.1,19,355
CHEVROLET,Camaro ZL1,SUBCOMPACT,6.2,8,M6,Z,17.2,12.0,14.9,19,349
CHEVROLET,Colorado ZR2 4WD,PICKUP TRUCK - SMALL,2.8,4,A6,D,13.3,10.6,12.1,23,326
CHEVROLET,Colorado ZR2 4WD,PICKUP TRUCK - SMALL,3.6,6,A8,X,15.0,13.0,14.1,20,331
CHEVROLET,Corvette Z06,TWO-SEATER,6.2,8,AS8,Z,17.2,10.1,14.0,20,331
CHEVROLET,Corvette Z06,TWO-SEATER,6.2,8,M7,Z,15.9,10.6,13.5,21,318
CHEVROLET,Corvette ZR1,TWO-SEATER,6.2,8,AS8,Z,19.5,12.0,16.1,18,381
CHEVROLET,Corvette ZR1,TWO-SEATER,6.2,8,M7,Z,18.2,12.5,15.6,18,368
CHEVROLET,Silverado,PICKUP TRUCK - STANDARD,4.3,6,A6,X,15.1,11.5,13.5,21,316
CHEVROLET,Silverado,PICKUP TRUCK - STANDARD,5.3,8,A6,X,15.9,11.4,13.9,20,326
CHEVROLET,Silverado FFV,PICKUP TRUCK - STANDARD,5.3,8,A6,X,15.7,11.9,14.0,20,329
CHEVROLET,Silverado FFV,PICKUP TRUCK - STANDARD,5.3,8,A6,E,21.1,15.0,18.4,15,306
CHEVROLET,Silverado 4WD,PICKUP TRUCK - STANDARD,4.3,6,A6,X,15.8,11.9,14.0,20,329
CHEVROLET,Silverado 4WD Trail Boss,PICKUP TRUCK - STANDARD,4.3,6,A6,X,16.3,12.9,14.8,19,347
CHEVROLET,Silverado 4WD,PICKUP TRUCK - STANDARD,5.3,8,A6,X,15.9,11.7,14.0,20,329
CHEVROLET,Silverado 4WD FFV,PICKUP TRUCK - STANDARD,5.3,8,A6,X,16.1,12.5,14.4,20,339
CHEVROLET,Silverado 4WD FFV,PICKUP TRUCK - STANDARD,5.3,8,A6,E,22.0,16.1,19.3,15,322
CHEVROLET,Silverado 4WD Trail Boss,PICKUP TRUCK - STANDARD,5.3,8,A6,X,16.5,13.0,14.9,19,350
CHEVROLET,Silverado 4WD,PICKUP TRUCK - STANDARD,5.3,8,A8,X,14.9,10.8,13.1,22,306
CHEVROLET,Silverado 4WD Trail Boss,PICKUP TRUCK - STANDARD,5.3,8,A8,X,15.3,11.8,13.7,21,320
CHEVROLET,Silverado 4WD,PICKUP TRUCK - STANDARD,6.2,8,A10,Z,15.0,12.0,13.7,21,321
CHEVROLET,Silverado LD,PICKUP TRUCK - STANDARD,5.3,8,A6,X,15.6,10.9,13.5,21,317
CHEVROLET,Silverado LD 4WD,PICKUP TRUCK - STANDARD,5.3,8,A6,X,15.8,11.4,13.8,20,325
CHEVROLET,Suburban,SUV - STANDARD,5.3,8,A6,X,15.7,10.5,13.4,21,314
CHEVROLET,Suburban FFV,SUV - STANDARD,5.3,8,A6,X,15.7,10.5,13.4,21,314
CHEVROLET,Suburban 4WD,SUV - STANDARD,5.3,8,A6,X,16.8,11.3,14.3,20,336
CHEVROLET,Suburban 4WD FFV,SUV - STANDARD,5.3,8,A6,X,16.8,11.3,14.3,20,336
CHEVROLET,Suburban 4WD FFV,SUV - STANDARD,5.3,8,A6,E,22.2,15.2,19.0,15,317
CHEVROLET,Suburban 4WD,SUV - STANDARD,6.2,8,A10,Z,17.1,11.3,14.5,19,340
CHEVROLET,Tahoe,SUV - STANDARD,5.3,8,A6,X,15.7,10.5,13.4,21,314
CHEVROLET,Tahoe FFV,SUV - STANDARD,5.3,8,A6,X,15.7,10.5,13.4,21,314
CHEVROLET,Tahoe 4WD,SUV - STANDARD,5.3,8,A6,X,15.8,11.1,13.7,21,321
CHEVROLET,Tahoe 4WD FFV,SUV - STANDARD,5.3,8,A6,X,15.8,11.1,13.7,21,321
CHEVROLET,Tahoe 4WD FFV,SUV - STANDARD,5.3,8,A6,E,21.7,14.3,18.4,15,305
CHEVROLET,Tahoe 4WD,SUV - STANDARD,6.2,8,A10,Z,16.4,10.7,13.8,20,325
DODGE,Challenger,MID-SIZE,5.7,8,M6,Z,15.6,10.1,13.1,22,307
DODGE,Challenger,MID-SIZE,6.4,8,M6,Z,16.7,10.4,13.9,20,325
DODGE,Challenger (MDS),MID-SIZE,6.4,8,A8,Z,15.8,9.6,13.0,22,304
DODGE,Challenger SRT Hellcat,MID-SIZE,6.2,8,A8,Z,17.6,10.7,14.5,19,339
DODGE,Challenger SRT Hellcat,MID-SIZE,6.2,8,M6,Z,18.1,11.4,15.1,19,352
DODGE,Challenger SRT Hellcat Redeye,MID-SIZE,6.2,8,A8,Z,17.6,10.7,14.5,19,339
DODGE,Charger (MDS),FULL-SIZE,5.7,8,A5,X,15.6,9.7,12.9,22,302
DODGE,Charger (MDS),FULL-SIZE,6.4,8,A8,Z,15.8,9.6,13.0,22,304
DODGE,Charger AWD (MDS),FULL-SIZE,5.7,8,A5,X,16.0,10.1,13.3,21,312
DODGE,Charger SRT Hellcat,FULL-SIZE,6.2,8,A8,Z,17.6,10.7,14.5,19,339
DODGE,Durango AWD,SUV - STANDARD,5.7,8,A8,X,16.7,10.9,14.1,20,331
DODGE,Durango AWD SRT,SUV - STANDARD,6.4,8,A8,Z,18.3,12.2,15.6,18,363
FORD,Expedition MAX 4X4,SUV - STANDARD,3.5,6,AS10,X,14.7,11.2,13.1,22,307
FORD,Explorer AWD,SUV - STANDARD,3.5,6,AS6,X,15.2,10.9,13.2,21,311
FORD,F-150 FFV (LT Tire Pkg),PICKUP TRUCK - STANDARD,5.0,8,AS10,X,14.7,11.2,13.1,22,308
FORD,F-150 FFV (Payload Pkg),PICKUP TRUCK - STANDARD,5.0,8,AS10,X,15.6,11.8,13.9,20,326
FORD,F-150 4X4 (LT Tire Pkg),PICKUP TRUCK - STANDARD,3.5,6,AS10,X,14.7,10.7,12.9,22,303
FORD,F-150 4X4 (Payload Pkg),PICKUP TRUCK - STANDARD,3.5,6,AS10,X,14.7,11.2,13.1,22,308
FORD,F-150 FFV 4X4,PICKUP TRUCK - STANDARD,5.0,8,AS10,X,15.1,11.0,13.3,21,312
FORD,F-150 FFV 4X4 (LT Tire Pkg),PICKUP TRUCK - STANDARD,5.0,8,AS10,X,15.7,11.8,13.9,20,326
FORD,F-150 FFV 4X4 (Payload Pkg),PICKUP TRUCK - STANDARD,5.0,8,AS10,X,16.8,12.4,14.8,19,347
FORD,F-150 FFV 4X4 (Payload Pkg),PICKUP TRUCK - STANDARD,5.0,8,AS10,E,21.3,17.2,19.5,14,323
FORD,F-150 Raptor 4X4,PICKUP TRUCK - STANDARD,3.5,6,AS10,X,15.3,13.1,14.3,20,336
FORD,Flex AWD,SUV - STANDARD,3.5,6,AS6,X,14.7,10.7,12.9,22,303
FORD,Flex AWD GTDI,SUV - STANDARD,3.5,6,AS6,X,15.7,11.2,13.7,21,322
FORD,GT,TWO-SEATER,3.5,6,AM7,Z,20.4,13.1,17.1,17,402
FORD,Mustang,SUBCOMPACT,5.0,8,M6,X,16.1,9.9,13.3,21,311
FORD,Mustang Bullitt,SUBCOMPACT,5.0,8,M6,X,16.1,9.9,13.3,21,311
FORD,Mustang Convertible,SUBCOMPACT,5.0,8,AS10,X,15.4,9.7,12.9,22,302
FORD,Shelby GT350 Mustang,SUBCOMPACT,5.2,8,M6,Z,17.2,11.3,14.6,19,341
FORD,T-150 Wagon,VAN - PASSENGER,3.5,6,AS6,X,16.2,12.8,14.7,19,346
FORD,T-150 Wagon,VAN - PASSENGER,3.7,6,AS6,X,16.9,13.1,15.2,19,355
GENESIS,G80 AWD,FULL-SIZE,5.0,8,AS8,Z,15.6,10.4,13.2,21,312
GENESIS,G90 AWD,FULL-SIZE,5.0,8,AS8,Z,15.2,10.2,13.0,22,306
GMC,Sierra,PICKUP TRUCK - STANDARD,4.3,6,A6,X,15.1,11.5,13.5,21,317
GMC,Sierra,PICKUP TRUCK - STANDARD,5.3,8,A6,X,15.9,11.4,13.9,20,326
GMC,Sierra FFV,PICKUP TRUCK - STANDARD,5.3,8,A6,X,15.7,11.9,14.0,20,329
GMC,Sierra FFV,PICKUP TRUCK - STANDARD,5.3,8,A6,E,21.1,15.0,18.4,15,306
GMC,Sierra 4WD,PICKUP TRUCK - STANDARD,4.3,6,A6,X,15.8,11.9,14.0,20,329
GMC,Sierra 4WD,PICKUP TRUCK - STANDARD,5.3,8,A6,X,15.9,11.7,14.0,20,330
GMC,Sierra 4WD FFV,PICKUP TRUCK - STANDARD,5.3,8,A6,X,16.0,12.5,14.4,20,339
GMC,Sierra 4WD FFV,PICKUP TRUCK - STANDARD,5.3,8,A6,E,22.0,16.1,19.4,15,323
GMC,Sierra 4WD,PICKUP TRUCK - STANDARD,5.3,8,A8,X,15.3,11.2,13.5,21,316
GMC,Sierra 4WD AT4,PICKUP TRUCK - STANDARD,5.3,8,A8,X,15.3,11.8,13.7,21,320
GMC,Sierra 4WD,PICKUP TRUCK - STANDARD,6.2,8,A10,Z,15.5,11.9,13.9,20,326
GMC,Sierra 4WD AT4,PICKUP TRUCK - STANDARD,6.2,8,A10,Z,15.7,12.4,14.2,20,332
GMC,Sierra LTD,PICKUP TRUCK - STANDARD,5.3,8,A6,X,15.6,10.9,13.5,21,317
GMC,Sierra LTD 4WD,PICKUP TRUCK - STANDARD,5.3,8,A6,X,15.8,11.4,13.8,20,325
GMC,Yukon,SUV - STANDARD,5.3,8,A6,X,15.7,10.5,13.4,21,314
GMC,Yukon FFV,SUV - STANDARD,5.3,8,A6,X,15.7,10.5,13.4,21,314
GMC,Yukon 4WD,SUV - STANDARD,5.3,8,A6,X,15.8,11.1,13.7,21,321
GMC,Yukon 4WD FFV,SUV - STANDARD,5.3,8,A6,X,15.8,11.1,13.7,21,321
GMC,Yukon 4WD FFV,SUV - STANDARD,5.3,8,A6,E,21.7,14.3,18.4,15,305
GMC,Yukon 4WD,SUV - STANDARD,6.2,8,A10,Z,16.4,10.7,13.8,20,325
GMC,Yukon XL,SUV - STANDARD,5.3,8,A6,X,15.7,10.5,13.4,21,314
GMC,Yukon XL FFV,SUV - STANDARD,5.3,8,A6,X,15.7,10.5,13.4,21,314
GMC,Yukon XL 4WD,SUV - STANDARD,5.3,8,A6,X,16.8,11.3,14.3,20,336
GMC,Yukon XL 4WD FFV,SUV - STANDARD,5.3,8,A6,X,16.8,11.3,14.3,20,336
GMC,Yukon XL 4WD FFV,SUV - STANDARD,5.3,8,A6,E,22.2,15.2,19.0,15,317
GMC,Yukon XL 4WD,SUV - STANDARD,6.2,8,A10,Z,17.1,11.3,14.5,19,340
INFINITI,Q70 AWD,MID-SIZE,5.6,8,AS7,Z,14.9,10.2,12.8,22,301
INFINITI,QX80 4WD,SUV - STANDARD,5.6,8,AS7,Z,17.4,12.2,15.1,19,354
JAGUAR,F-TYPE Convertible R-Dynamic,TWO-SEATER,3.0,6,M6,Z,15.3,10.0,12.9,22,302
JAGUAR,F-TYPE Coupe R-Dynamic,TWO-SEATER,3.0,6,M6,Z,15.3,10.0,12.9,22,302
JAGUAR,F-TYPE R AWD Convertible,TWO-SEATER,5.0,8,AS8,Z,15.6,10.4,13.3,21,311
JAGUAR,F-TYPE R AWD Coupe,TWO-SEATER,5.0,8,AS8,Z,15.6,10.4,13.3,21,311
JAGUAR,XJR LWB,FULL-SIZE,5.0,8,AS8,Z,15.8,10.3,13.3,21,313
JEEP,Grand Cherokee 4X4,SUV - STANDARD,5.7,8,A8,X,16.7,10.9,14.1,20,331
JEEP,Grand Cherokee 4X4 SRT,SUV - STANDARD,6.4,8,A8,Z,18.3,12.6,15.7,18,368
JEEP,Grand Cherokee 4X4 Trackhawk,SUV - STANDARD,6.2,8,A8,Z,20.9,13.8,17.7,16,413
LAMBORGHINI,Aventador Coupe,TWO-SEATER,6.5,12,AM7,Z,26.3,15.6,21.5,13,487
LAMBORGHINI,Aventador Roadster,TWO-SEATER,6.5,12,AM7,Z,26.6,15.8,21.7,13,493
LAMBORGHINI,Huracan Coupe,TWO-SEATER,5.2,10,AM7,Z,18.1,13.2,15.9,18,366
LAMBORGHINI,Huracan Coupe AWD,TWO-SEATER,5.2,10,AM7,Z,17.9,13.0,15.7,18,370
LAMBORGHINI,Huracan Spyder,TWO-SEATER,5.2,10,AM7,Z,18.1,13.2,15.9,18,366
LAMBORGHINI,Huracan Spyder AWD,TWO-SEATER,5.2,10,AM7,Z,17.9,13.0,15.7,18,370
LAMBORGHINI,Huracan Performante Coupe,TWO-SEATER,5.2,10,AM7,Z,17.9,13.0,15.7,18,370
LAMBORGHINI,Huracan Performante Spyder,TWO-SEATER,5.2,10,AM7,Z,17.9,13.0,15.7,18,370
LAMBORGHINI,Urus,SUV - STANDARD,4.0,8,AS8,Z,19.2,14.1,16.9,17,384
LAND ROVER,Discovery,SUV - STANDARD,3.0,6,AS8,Z,14.8,11.4,13.3,21,311
LAND ROVER,Range Rover 5.0 Supercharged,SUV - STANDARD,5.0,8,AS8,Z,14.4,11.3,13.0,22,305
LAND ROVER,Range Rover SVAutobiography LWB,SUV - STANDARD,5.0,8,AS8,Z,17.9,12.7,15.5,18,365
LEXUS,GX 460,SUV - STANDARD,4.6,8,AS6,Z,16.0,12.9,14.6,19,341
LEXUS,LX 570,SUV - STANDARD,5.7,8,AS8,Z,18.2,12.8,15.8,18,371
LINCOLN,MKT AWD,SUV - STANDARD,3.5,6,AS6,X,15.7,11.2,13.7,21,322
LINCOLN,Navigator 4X4,SUV - STANDARD,3.5,6,AS10,X,15.0,11.4,13.4,21,314
MASERATI,GranTurismo Convertible,SUBCOMPACT,4.7,8,AS6,Z,17.8,11.6,15.0,19,354
MASERATI,Levante,SUV - STANDARD,3.0,6,AS8,Z,15.9,11.1,13.7,21,324
MASERATI,Levante S,SUV - STANDARD,3.0,6,AS8,Z,16.1,11.4,14.0,20,330
MASERATI,Levante GTS,SUV - STANDARD,3.8,8,AS8,Z,17.9,12.9,15.3,18,360
MASERATI,Levante Trofeo,SUV - STANDARD,3.8,8,AS8,Z,17.9,12.9,15.3,18,360
MASERATI,Quattroporte SQ4,FULL-SIZE,3.0,6,AS8,Z,15.0,10.3,12.8,22,301
MASERATI,Quattroporte GTS,FULL-SIZE,3.8,8,AS8,Z,16.0,10.8,13.7,21,321
MERCEDES-BENZ,AMG E 63 S 4MATIC+,MID-SIZE,4.0,8,A9,Z,16.0,10.5,13.5,21,318
MERCEDES-BENZ,AMG G 63,SUV - STANDARD,4.0,8,A9,Z,18.1,15.6,17.0,17,396
MERCEDES-BENZ,AMG GLC 63 S 4MATIC+,SUV - SMALL,4.0,8,A9,Z,15.0,10.9,13.2,21,309
MERCEDES-BENZ,AMG GLC 63 S 4MATIC+ Coupe,SUV - SMALL,4.0,8,A9,Z,15.0,10.9,13.2,21,309
MERCEDES-BENZ,AMG GLE 63 S 4MATIC,SUV - STANDARD,4.7,8,A7,Z,17.7,13.4,15.8,18,370
MERCEDES-BENZ,AMG GLE 63 S 4MATIC Coupe,SUV - STANDARD,4.7,8,A7,Z,17.2,12.8,15.2,19,357
MERCEDES-BENZ,AMG GLS 63 4MATIC,SUV - STANDARD,4.7,8,A7,Z,17.8,13.2,15.7,18,370
MERCEDES-BENZ,AMG GT 63 4MATIC+ Coupe,COMPACT,4.0,8,A9,Z,15.5,11.5,13.7,21,323
MERCEDES-BENZ,AMG GT 63 S 4MATIC+ Coupe,COMPACT,4.0,8,A9,Z,15.6,11.5,13.7,21,324
MERCEDES-BENZ,AMG GT C Coupe,TWO-SEATER,4.0,8,AM7,Z,15.3,11.4,13.5,21,315
MERCEDES-BENZ,AMG GT C Roadster,TWO-SEATER,4.0,8,AM7,Z,15.2,11.4,13.5,21,315
MERCEDES-BENZ,AMG GT R Coupe,TWO-SEATER,4.0,8,AM7,Z,15.9,11.8,14.0,20,327
MERCEDES-BENZ,AMG S 63 4MATIC+ Cabriolet,SUBCOMPACT,4.0,8,A9,Z,15.8,9.8,13.1,22,306
MERCEDES-BENZ,AMG S 65,FULL-SIZE,6.0,12,A7,Z,18.6,10.9,15.1,19,356
MERCEDES-BENZ,AMG S 65 Cabriolet,SUBCOMPACT,6.0,12,A9,Z,17.1,11.0,14.3,20,337
MERCEDES-BENZ,AMG S 65 Coupe,COMPACT,6.0,12,A9,Z,17.6,11.0,14.6,19,343
MERCEDES-BENZ,AMG SL 63,TWO-SEATER,5.5,8,A7,Z,15.3,10.2,13.0,22,303
MERCEDES-BENZ,G 550,SUV - STANDARD,4.0,8,A9,Z,18.0,14.1,16.3,17,378
MERCEDES-BENZ,GLS 450 4MATIC,SUV - STANDARD,3.0,6,A9,Z,14.9,11.2,13.2,21,312
MERCEDES-BENZ,GLS 550 4MATIC,SUV - STANDARD,4.7,8,A9,Z,17.2,12.6,15.1,19,355
MERCEDES-BENZ,Maybach S 650,FULL-SIZE,6.0,12,A7,Z,18.4,11.1,15.1,19,355
NISSAN,Armada 4WD,SUV - STANDARD,5.6,8,AS7,X,17.7,12.9,15.5,18,364
NISSAN,Frontier 4WD,PICKUP TRUCK - SMALL,4.0,6,A5,X,15.8,11.5,13.9,20,326
NISSAN,Frontier 4WD,PICKUP TRUCK - SMALL,4.0,6,M6,X,15.1,11.5,13.5,21,317
NISSAN,Titan,PICKUP TRUCK - STANDARD,5.6,8,AS7,X,15.0,11.2,13.3,21,312
NISSAN,Titan 4WD,PICKUP TRUCK - STANDARD,5.6,8,AS7,X,15.2,11.1,13.4,21,315
NISSAN,Titan 4WD Pro-4X,PICKUP TRUCK - STANDARD,5.6,8,AS7,X,15.9,11.9,14.1,20,331
PORSCHE,911 GT2 RS,TWO-SEATER,3.8,6,AM7,Z,15.3,11.2,13.5,21,315
PORSCHE,911 GT3,TWO-SEATER,4.0,6,AM7,Z,15.8,11.7,13.9,20,324
PORSCHE,911 GT3,TWO-SEATER,4.0,6,M6,Z,18.0,11.5,15.1,19,352
PORSCHE,911 GT3 RS,TWO-SEATER,4.0,6,AM7,Z,16.1,12.2,14.4,20,335
PORSCHE,911 GT3 Touring,TWO-SEATER,4.0,6,M6,Z,16.4,11.2,14.1,20,334
PORSCHE,911 Speedster,TWO-SEATER,4.0,6,M6,Z,17.4,12.4,15.1,19,350
PORSCHE,Cayenne Turbo,SUV - STANDARD,4.0,8,AS8,Z,15.6,12.4,14.1,20,329
PORSCHE,Panamera GTS ST,FULL-SIZE,4.0,8,AM8,Z,15.7,10.5,13.4,21,313
RAM,1500,PICKUP TRUCK - STANDARD,5.7,8,A8,X,16.2,10.5,13.6,21,320
RAM,1500 4X4,PICKUP TRUCK - STANDARD,5.7,8,A8,X,16.1,11.0,13.8,20,325
RAM,1500 4X4 eTorque,PICKUP TRUCK - STANDARD,5.7,8,A8,X,14.3,11.1,12.9,22,302
RAM,1500 Classic,PICKUP TRUCK - STANDARD,5.7,8,A6,X,17.0,12.0,14.8,19,346
RAM,1500 Classic,PICKUP TRUCK - STANDARD,5.7,8,A8,X,15.7,11.0,13.6,21,319
RAM,1500 Classic 4X4,PICKUP TRUCK - STANDARD,5.7,8,A6,X,18.7,13.3,16.3,17,382
RAM,1500 Classic 4X4,PICKUP TRUCK - STANDARD,5.7,8,A8,X,16.1,11.5,14.0,20,328
ROLLS-ROYCE,Cullinan,STATION WAGON - MID-SIZE,6.7,12,AS8,Z,20.0,11.8,16.3,17,382
ROLLS-ROYCE,Dawn,COMPACT,6.6,12,AS8,Z,20.3,13.0,17.0,17,397
ROLLS-ROYCE,Ghost,FULL-SIZE,6.6,12,AS8,Z,20.3,13.0,17.0,17,397
ROLLS-ROYCE,Ghost EWB,FULL-SIZE,6.6,12,AS8,Z,20.3,13.0,17.0,17,397
ROLLS-ROYCE,Phantom,FULL-SIZE,6.7,12,AS8,Z,20.0,11.8,16.3,17,382
ROLLS-ROYCE,Phantom EWB,FULL-SIZE,6.7,12,AS8,Z,20.0,11.8,16.3,17,382
ROLLS-ROYCE,Wraith,MID-SIZE,6.6,12,AS8,Z,19.6,12.9,16.6,17,388
TOYOTA,4Runner 4WD,SUV - STANDARD,4.0,6,AS5,X,14.3,11.9,13.2,21,308
TOYOTA,4Runner 4WD (Part-Time 4WD),SUV - STANDARD,4.0,6,AS5,X,14.3,11.9,13.2,21,308
TOYOTA,Sequoia 4WD,SUV - STANDARD,5.7,8,AS6,X,18.4,13.8,16.4,17,384
TOYOTA,Tundra,PICKUP TRUCK - STANDARD,5.7,8,AS6,X,17.7,13.6,15.9,18,371
TOYOTA,Tundra 4WD,PICKUP TRUCK - STANDARD,4.6,8,AS6,X,16.8,13.1,14.9,19,354
TOYOTA,Tundra 4WD,PICKUP TRUCK - STANDARD,5.7,8,AS6,X,18.0,14.1,16.3,17,382
ASTON MARTIN,DB11 AMR,MINICOMPACT,5.2,12,A8,Z,15.5,10.6,13.3,21,312
ASTON MARTIN,DBS Superleggera,MINICOMPACT,5.2,12,A8,Z,16.4,10.7,13.8,20,324
ASTON MARTIN,Vantage V8,TWO-SEATER,4.0,8,M7,Z,16.7,11.2,14.2,20,333
AUDI,A8L,FULL-SIZE,4.0,8,AS8,Z,15.4,10.4,13.2,21,308
AUDI,R8 Coupe,TWO-SEATER,5.2,10,AM7,Z,17.5,11.7,14.9,19,347
AUDI,R8 Spyder,TWO-SEATER,5.2,10,AM7,Z,17.5,11.7,14.9,19,347
AUDI,S8,FULL-SIZE,4.0,8,AS8,Z,17.6,10.7,14.5,19,339
BENTLEY,Bentayga,SUV - STANDARD,4.0,8,AS8,Z,16.4,10.1,13.6,21,315
BENTLEY,Bentayga,SUV - STANDARD,6.0,12,AS8,Z,20.0,13.8,17.2,16,401
BENTLEY,Continental GT,COMPACT,6.0,12,AM8,Z,19.0,11.6,15.7,18,364
BENTLEY,Continental GT Convertible,SUBCOMPACT,6.0,12,AM8,Z,19.2,12.2,16.0,18,373
BENTLEY,Flying Spur,MID-SIZE,6.0,12,AM8,Z,19.2,12.2,16.0,18,373
BMW,M5 Sedan,MID-SIZE,4.4,8,AS8,Z,16.0,11.0,13.8,20,322
BMW,M5 Competition,MID-SIZE,4.4,8,AS8,Z,16.0,11.0,13.8,20,322
BMW,M760i xDrive Sedan,FULL-SIZE,6.6,12,AS8,Z,17.8,11.9,15.1,19,354
BMW,M8 Cabriolet,SUBCOMPACT,4.4,8,AS8,Z,16.0,11.0,13.8,20,322
BMW,M8 Cabriolet Competition,SUBCOMPACT,4.4,8,AS8,Z,16.0,11.0,13.8,20,322
BMW,M8 Coupe,SUBCOMPACT,4.4,8,AS8,Z,16.0,11.0,13.8,20,322
BMW,M8 Coupe Competition,SUBCOMPACT,4.4,8,AS8,Z,16.0,11.0,13.8,20,322
BMW,M8 Gran Coupe,MID-SIZE,4.4,8,AS8,Z,16.0,11.0,13.8,20,322
BMW,M8 Gran Coupe Competition,MID-SIZE,4.4,8,AS8,Z,16.0,11.0,13.8,20,322
BMW,X3 M,SUV - SMALL,3.0,6,AS8,Z,16.6,12.1,14.6,19,339
BMW,X3 M Competition,SUV - SMALL,3.0,6,AS8,Z,16.6,12.1,14.6,19,339
BMW,X4 M,SUV - SMALL,3.0,6,AS8,Z,16.6,12.1,14.6,19,339
BMW,X4 M Competition,SUV - SMALL,3.0,6,AS8,Z,16.6,12.1,14.6,19,339
BMW,X5 xDrive50i,SUV - STANDARD,4.4,8,AS8,Z,14.5,10.7,12.8,22,302
BMW,X5 M50i,SUV - STANDARD,4.4,8,AS8,Z,14.5,10.7,12.8,22,302
BMW,X6 M50i,SUV - STANDARD,4.4,8,AS8,Z,14.5,10.7,12.8,22,302
BMW,X7 xDrive50i,SUV - STANDARD,4.4,8,AS8,Z,15.5,11.4,13.6,21,318
BMW,X7 M50i,SUV - STANDARD,4.4,8,AS8,Z,15.5,11.4,13.6,21,318
BUGATTI,Chiron,TWO-SEATER,8.0,16,AM7,Z,26.8,16.6,22.2,13,522
CADILLAC,CT6 AWD,FULL-SIZE,4.2,8,AS10,Z,17.3,9.5,13.8,20,324
CADILLAC,Escalade 4WD,SUV - STANDARD,6.2,8,A10,Z,16.7,11.1,14.2,20,333
CHEVROLET,Camaro ZL1,SUBCOMPACT,6.2,8,AS10,Z,18.3,11.2,15.1,19,355
CHEVROLET,Camaro ZL1,SUBCOMPACT,6.2,8,M6,Z,17.2,12.0,14.8,19,349
CHEVROLET,Colorado ZR2 4WD,PICKUP TRUCK - SMALL,2.8,4,A6,D,13.3,10.6,12.1,23,326
CHEVROLET,Colorado ZR2 4WD,PICKUP TRUCK - SMALL,3.6,6,A8,X,15.0,13.0,14.1,20,331
CHEVROLET,Silverado,PICKUP TRUCK - STANDARD,4.3,6,A6,X,15.1,11.5,13.5,21,318
CHEVROLET,Silverado,PICKUP TRUCK - STANDARD,5.3,8,A6,X,15.9,11.4,13.9,20,326
CHEVROLET,Silverado FFV,PICKUP TRUCK - STANDARD,5.3,8,A6,X,16.0,12.6,14.4,20,339
CHEVROLET,Silverado FFV,PICKUP TRUCK - STANDARD,5.3,8,A6,E,22.2,16.2,19.5,14,326
CHEVROLET,Silverado 4WD,PICKUP TRUCK - STANDARD,4.3,6,A6,X,15.7,12.0,14.1,20,331
CHEVROLET,Silverado 4WD Custom Trail Boss,PICKUP TRUCK - STANDARD,4.3,6,A6,X,16.3,12.9,14.8,19,349
CHEVROLET,Silverado 4WD,PICKUP TRUCK - STANDARD,5.3,8,A6,X,15.9,11.8,14.1,20,331
CHEVROLET,Silverado 4WD FFV,PICKUP TRUCK - STANDARD,5.3,8,A6,X,16.6,13.0,15.0,19,350
CHEVROLET,Silverado 4WD FFV,PICKUP TRUCK - STANDARD,5.3,8,A6,E,22.3,18.1,20.5,14,342
CHEVROLET,Silverado 4WD Custom Trail Boss,PICKUP TRUCK - STANDARD,5.3,8,A6,X,16.7,13.1,15.1,19,354
CHEVROLET,Silverado 4WD,PICKUP TRUCK - STANDARD,5.3,8,A8,X,14.7,10.7,12.9,22,303
CHEVROLET,Silverado 4WD LT Trail Boss,PICKUP TRUCK - STANDARD,5.3,8,A10,X,14.7,11.2,13.1,22,307
CHEVROLET,Silverado 4WD,PICKUP TRUCK - STANDARD,6.2,8,A10,Z,15.0,12.0,13.7,21,321
CHEVROLET,Silverado 4WD Custom Trail Boss,PICKUP TRUCK - STANDARD,6.2,8,A10,Z,16.8,13.3,15.2,19,357
CHEVROLET,Silverado 4WD LT Trail Boss,PICKUP TRUCK - STANDARD,6.2,8,A10,Z,15.7,12.4,14.2,20,332
CHEVROLET,Suburban,SUV - STANDARD,5.3,8,A6,X,15.7,10.5,13.4,21,314
CHEVROLET,Suburban FFV,SUV - STANDARD,5.3,8,A6,X,15.7,10.5,13.4,21,314
CHEVROLET,Suburban 4WD,SUV - STANDARD,5.3,8,A6,X,16.8,11.3,14.4,20,337
CHEVROLET,Suburban 4WD FFV,SUV - STANDARD,5.3,8,A6,X,16.8,11.3,14.4,20,337
CHEVROLET,Suburban 4WD FFV,SUV - STANDARD,5.3,8,A6,E,22.2,15.3,19.1,15,319
CHEVROLET,Suburban 4WD,SUV - STANDARD,6.2,8,A10,Z,17.2,11.4,14.6,19,343
CHEVROLET,Tahoe,SUV - STANDARD,5.3,8,A6,X,15.7,10.5,13.4,21,314
CHEVROLET,Tahoe FFV,SUV - STANDARD,5.3,8,A6,X,15.7,10.5,13.4,21,314
CHEVROLET,Tahoe 4WD,SUV - STANDARD,5.3,8,A6,X,16.0,11.2,13.8,20,325
CHEVROLET,Tahoe 4WD FFV,SUV - STANDARD,5.3,8,A6,X,16.0,11.2,13.8,20,325
CHEVROLET,Tahoe 4WD FFV,SUV - STANDARD,5.3,8,A6,E,21.7,14.3,18.4,15,305
CHEVROLET,Tahoe 4WD,SUV - STANDARD,6.2,8,A10,Z,16.5,10.9,13.9,20,327
DODGE,Challenger,MID-SIZE,5.7,8,M6,Z,15.6,10.1,13.1,22,307
DODGE,Challenger (MDS),MID-SIZE,6.4,8,A8,Z,15.8,9.6,13.0,22,305
DODGE,Challenger,MID-SIZE,6.4,8,M6,Z,16.7,10.4,13.9,20,325
DODGE,Challenger Widebody (MDS),MID-SIZE,6.4,8,A8,Z,15.8,9.6,13.0,22,305
DODGE,Challenger Widebody (MDS),MID-SIZE,6.4,8,M6,Z,16.7,10.4,13.9,20,325
DODGE,Challenger SRT Hellcat,MID-SIZE,6.2,8,A8,Z,17.6,10.7,14.5,19,339
DODGE,Challenger SRT Hellcat,MID-SIZE,6.2,8,M6,Z,18.1,11.4,15.1,19,352
DODGE,Challenger SRT Hellcat Widebody,MID-SIZE,6.2,8,A8,Z,18.6,11.2,15.3,18,358
DODGE,Challenger SRT Hellcat Widebody,MID-SIZE,6.2,8,M6,Z,18.1,11.4,15.1,19,352
DODGE,Charger (MDS),FULL-SIZE,6.4,8,A8,Z,15.8,9.6,13.0,22,305
DODGE,Charger Widebody (MDS),FULL-SIZE,6.4,8,A8,Z,15.8,9.6,13.0,22,305
DODGE,Charger SRT Hellcat Widebody,FULL-SIZE,6.2,8,A8,Z,19.0,11.5,15.6,18,368
DODGE,Durango AWD,SUV - STANDARD,5.7,8,A8,X,16.7,10.9,14.1,20,331
DODGE,Durango AWD SRT,SUV - STANDARD,6.4,8,A8,Z,18.3,12.2,15.6,18,363
FORD,Expedition MAX 4X4,SUV - STANDARD,3.5,6,AS10,X,14.7,11.2,13.1,22,308
FORD,F-150 FFV (LT Tire Pkg),PICKUP TRUCK - STANDARD,5.0,8,AS10,X,14.4,11.2,13.0,22,305
FORD,F-150 FFV (Payload Pkg),PICKUP TRUCK - STANDARD,5.0,8,AS10,X,15.1,11.8,13.6,21,319
FORD,F-150 4X4,PICKUP TRUCK - STANDARD,3.5,6,AS10,X,14.6,10.9,13.0,22,304
FORD,F-150 FFV 4X4,PICKUP TRUCK - STANDARD,5.0,8,AS10,X,15.1,11.6,13.5,21,317
FORD,F-150 Raptor 4X4,PICKUP TRUCK - STANDARD,3.5,6,AS10,X,15.3,13.1,14.3,20,336
FORD,GT,TWO-SEATER,3.5,6,AM7,Z,19.8,12.8,16.6,17,393
FORD,Mustang,SUBCOMPACT,5.0,8,M6,X,16.1,9.9,13.3,21,312
FORD,Mustang Bullitt,SUBCOMPACT,5.0,8,M6,X,16.4,10.2,13.6,21,319
FORD,Mustang Convertible,SUBCOMPACT,5.0,8,AS10,X,15.4,9.7,12.9,22,303
FORD,Shelby GT350 Mustang,SUBCOMPACT,5.2,8,M6,Z,17.1,11.4,14.5,19,342
FORD,Shelby GT500 Mustang,SUBCOMPACT,5.2,8,AM7,Z,19.9,12.7,16.7,17,392
FORD,T-150 Wagon FFV,VAN - PASSENGER,3.5,6,AS10,X,16.2,12.3,14.5,19,340
FORD,T-150 Wagon FFV,VAN - PASSENGER,3.5,6,AS10,E,21.5,16.2,19.1,15,316
FORD,T-150 Wagon FFV 4WD,VAN - PASSENGER,3.5,6,AS10,X,16.7,12.8,15.0,19,352
FORD,T-150 Wagon FFV 4WD,VAN - PASSENGER,3.5,6,AS10,E,22.1,16.8,19.8,14,328
GENESIS,G80 AWD,FULL-SIZE,5.0,8,AS8,Z,15.6,10.4,13.2,21,312
GENESIS,G90 AWD,FULL-SIZE,5.0,8,AS8,Z,15.4,10.2,13.1,22,311
GMC,Sierra,PICKUP TRUCK - STANDARD,4.3,6,A6,X,15.1,11.5,13.5,21,318
GMC,Sierra,PICKUP TRUCK - STANDARD,5.3,8,A6,X,15.9,11.4,13.9,20,326
GMC,Sierra FFV,PICKUP TRUCK - STANDARD,5.3,8,A6,X,16.0,12.6,14.4,20,339
GMC,Sierra FFV,PICKUP TRUCK - STANDARD,5.3,8,A6,E,22.2,16.2,19.5,14,326
GMC,Sierra 4WD,PICKUP TRUCK - STANDARD,4.3,6,A6,X,15.7,12.0,14.1,20,331
GMC,Sierra 4WD,PICKUP TRUCK - STANDARD,5.3,8,A6,X,15.9,11.8,14.1,20,331
GMC,Sierra 4WD FFV,PICKUP TRUCK - STANDARD,5.3,8,A6,X,16.4,12.6,14.7,19,344
GMC,Sierra 4WD FFV,PICKUP TRUCK - STANDARD,5.3,8,A6,E,21.8,16.8,19.5,14,325
GMC,Sierra 4WD AT4,PICKUP TRUCK - STANDARD,5.3,8,A6,X,16.7,13.1,15.1,19,354
GMC,Sierra 4WD,PICKUP TRUCK - STANDARD,5.3,8,A8,X,14.7,10.8,13.0,22,304
GMC,Sierra 4WD AT4,PICKUP TRUCK - STANDARD,5.3,8,A8,X,15.1,11.4,13.4,21,314
GMC,Sierra 4WD AT4,PICKUP TRUCK - STANDARD,5.3,8,A10,X,14.7,11.2,13.1,22,307
GMC,Sierra 4WD,PICKUP TRUCK - STANDARD,6.2,8,A10,Z,15.5,11.9,13.9,20,326
GMC,Sierra 4WD AT4,PICKUP TRUCK - STANDARD,6.2,8,A10,Z,15.7,12.4,14.2,20,332
GMC,Yukon,SUV - STANDARD,5.3,8,A6,X,15.7,10.5,13.4,21,314
GMC,Yukon FFV,SUV - STANDARD,5.3,8,A6,X,15.7,10.5,13.4,21,314
GMC,Yukon 4WD,SUV - STANDARD,5.3,8,A6,X,16.0,11.2,13.8,20,325
GMC,Yukon 4WD FFV,SUV - STANDARD,5.3,8,A6,X,16.0,11.2,13.8,20,325
GMC,Yukon 4WD FFV,SUV - STANDARD,5.3,8,A6,E,21.7,14.3,18.4,15,305
GMC,Yukon 4WD,SUV - STANDARD,6.2,8,A10,Z,16.5,10.9,13.9,20,327
GMC,Yukon XL,SUV - STANDARD,5.3,8,A6,X,15.7,10.5,13.4,21,314
GMC,Yukon XL FFV,SUV - STANDARD,5.3,8,A6,X,15.7,10.5,13.4,21,314
GMC,Yukon XL 4WD,SUV - STANDARD,5.3,8,A6,X,16.8,11.3,14.4,20,337
GMC,Yukon XL 4WD FFV,SUV - STANDARD,5.3,8,A6,X,16.8,11.3,14.4,20,337
GMC,Yukon XL 4WD FFV,SUV - STANDARD,5.3,8,A6,E,22.2,15.3,19.1,15,319
GMC,Yukon XL 4WD,SUV - STANDARD,6.2,8,A10,Z,17.2,11.4,14.6,19,343
INFINITI,QX80 4WD,SUV - STANDARD,5.6,8,AS7,Z,17.8,12.3,15.3,18,360
JAGUAR,F-PACE SVR,SUV - SMALL,5.0,8,AS8,Z,14.5,11.0,12.9,22,303
JEEP,Grand Cherokee 4X4,SUV - STANDARD,5.7,8,A8,X,16.7,10.9,14.1,20,331
JEEP,Grand Cherokee 4X4 Trackhawk,SUV - STANDARD,6.2,8,A8,Z,20.9,13.8,17.7,16,413
JEEP,Grand Cherokee 4X4 SRT,SUV - STANDARD,6.4,8,A8,Z,18.3,12.6,15.7,18,368
LAMBORGHINI,Aventador Coupe,TWO-SEATER,6.5,12,AM7,Z,26.2,15.5,21.4,13,485
LAMBORGHINI,Aventador Roadster,TWO-SEATER,6.5,12,AM7,Z,26.6,15.8,21.7,13,493
LAMBORGHINI,Huracan Coupe,TWO-SEATER,5.2,10,AM7,Z,18.0,12.9,15.7,18,370
LAMBORGHINI,Huracan Coupe AWD,TWO-SEATER,5.2,10,AM7,Z,18.0,12.9,15.7,18,370
LAMBORGHINI,Huracan Spyder,TWO-SEATER,5.2,10,AM7,Z,18.0,12.9,15.7,18,370
LAMBORGHINI,Huracan Spyder AWD,TWO-SEATER,5.2,10,AM7,Z,18.0,12.9,15.7,18,370
LAMBORGHINI,Urus,SUV - STANDARD,4.0,8,AS8,Z,19.2,14.1,16.9,17,384
LAND ROVER,Discovery,SUV - STANDARD,3.0,6,AS8,Z,14.8,11.4,13.3,21,311
LAND ROVER,Range Rover 5.0 Supercharged,SUV - STANDARD,5.0,8,AS8,Z,14.4,11.2,12.9,22,305
LAND ROVER,Range Rover 5.0 Supercharged LWB,SUV - STANDARD,5.0,8,AS8,Z,14.4,11.3,13.0,22,305
LAND ROVER,Range Rover SVAutobiography Dynamic,SUV - STANDARD,5.0,8,AS8,Z,17.1,12.6,15.1,19,354
LAND ROVER,Range Rover SVAutobiography LWB,SUV - STANDARD,5.0,8,AS8,Z,17.9,12.7,15.5,18,365
LAND ROVER,Range Rover Sport SVR,SUV - STANDARD,5.0,8,AS8,Z,16.2,12.0,14.3,20,336
LAND ROVER,Range Rover Velar SVAutobiography Dynamic,SUV - SMALL,5.0,8,AS8,Z,15.2,11.5,13.5,21,318
LEXUS,GX 460,SUV - STANDARD,4.6,8,AS6,Z,16.2,12.3,14.5,19,337
LEXUS,LX 570,SUV - STANDARD,5.7,8,AS8,Z,19.2,14.3,16.9,17,395
LINCOLN,Navigator 4X4,SUV - STANDARD,3.5,6,AS10,X,15.0,11.5,13.4,21,315
MASERATI,Levante,SUV - STANDARD,3.0,6,AS8,Z,15.9,11.1,13.7,21,324
MASERATI,Levante S,SUV - STANDARD,3.0,6,AS8,Z,15.9,11.1,13.7,21,324
MASERATI,Levante GTS,SUV - STANDARD,3.8,8,AS8,Z,17.3,12.9,15.3,18,360
MASERATI,Levante Trofeo,SUV - STANDARD,3.8,8,AS8,Z,17.3,12.9,15.3,18,360
MASERATI,Quattroporte S Q4,FULL-SIZE,3.0,6,AS8,Z,15.0,10.3,12.8,22,301
MASERATI,Quattroporte GTS,FULL-SIZE,3.8,8,AS8,Z,16.0,10.8,13.7,21,321
MERCEDES-BENZ,AMG E 63 S 4MATIC+,MID-SIZE,4.0,8,A9,Z,16.0,10.5,13.5,21,318
MERCEDES-BENZ,AMG G 63,SUV - STANDARD,4.0,8,A9,Z,18.1,15.6,17.0,17,396
MERCEDES-BENZ,AMG GLC 63 S 4MATIC+,SUV - SMALL,4.0,8,A9,Z,15.0,10.9,13.2,21,309
MERCEDES-BENZ,AMG GLC 63 S 4MATIC+ Coupe,SUV - SMALL,4.0,8,A9,Z,15.0,10.9,13.2,21,309
MERCEDES-BENZ,AMG GT R Coupe,TWO-SEATER,4.0,8,AM7,Z,15.9,11.8,14.0,20,327
MERCEDES-BENZ,AMG S 63 4MATIC+ Cabriolet,SUBCOMPACT,4.0,8,A9,Z,15.8,9.8,13.1,22,306
MERCEDES-BENZ,AMG S 65,FULL-SIZE,6.0,12,A7,Z,18.6,10.9,15.1,19,356
MERCEDES-BENZ,G 550,SUV - STANDARD,4.0,8,A9,Z,18.0,14.1,16.3,17,378
MERCEDES-BENZ,Maybach S 650,FULL-SIZE,6.0,12,A7,Z,18.4,11.1,15.1,19,355
NISSAN,Armada 4WD,SUV - STANDARD,5.6,8,AS7,X,17.5,12.9,15.4,18,362
NISSAN,Titan 4WD,PICKUP TRUCK - STANDARD,5.6,8,AS9,Z,15.1,11.1,13.3,21,313
NISSAN,Titan 4WD Pro-4X,PICKUP TRUCK - STANDARD,5.6,8,AS9,Z,15.1,11.2,13.3,21,313
PORSCHE,Cayenne Turbo,SUV - STANDARD,4.0,8,AS8,Z,15.6,12.4,14.1,20,329
PORSCHE,Panamera GTS ST,FULL-SIZE,4.0,8,AM8,Z,15.7,10.5,13.4,21,313
RAM,1500,PICKUP TRUCK - STANDARD,5.7,8,A8,X,16.2,10.5,13.6,21,320
RAM,1500 4X4,PICKUP TRUCK - STANDARD,5.7,8,A8,X,16.1,11.0,13.8,20,325
RAM,1500 Classic,PICKUP TRUCK - STANDARD,5.7,8,A8,X,15.7,11.0,13.6,21,319
RAM,1500 Classic 4X4,PICKUP TRUCK - STANDARD,5.7,8,A8,X,16.2,11.6,14.1,20,330
ROLLS-ROYCE,Cullinan,STATION WAGON - MID-SIZE,6.7,12,AS8,Z,20.1,12.1,16.5,17,386
ROLLS-ROYCE,Cullinan Black Badge,STATION WAGON - MID-SIZE,6.7,12,AS8,Z,20.1,12.1,16.5,17,386
ROLLS-ROYCE,Dawn,COMPACT,6.6,12,AS8,Z,20.4,13.1,17.1,17,400
ROLLS-ROYCE,Ghost,FULL-SIZE,6.6,12,AS8,Z,20.4,13.1,17.1,17,400
ROLLS-ROYCE,Ghost EWB,FULL-SIZE,6.6,12,AS8,Z,20.4,13.1,17.1,17,400
ROLLS-ROYCE,Phantom,FULL-SIZE,6.7,12,AS8,Z,20.0,11.8,16.3,17,382
ROLLS-ROYCE,Phantom EWB,FULL-SIZE,6.7,12,AS8,Z,20.0,11.8,16.3,17,382
ROLLS-ROYCE,Wraith,MID-SIZE,6.6,12,AS8,Z,19.6,12.8,16.5,17,387
TOYOTA,4Runner 4WD,SUV - STANDARD,4.0,6,AS5,X,14.8,12.5,13.8,20,321
TOYOTA,4Runner 4WD (Part-Time 4WD),SUV - STANDARD,4.0,6,AS5,X,14.8,12.5,13.8,20,321
TOYOTA,Sequoia 4WD,SUV - STANDARD,5.7,8,AS6,X,18.5,13.9,16.4,17,385
TOYOTA,Tundra,PICKUP TRUCK - STANDARD,5.7,8,AS6,X,17.7,13.6,15.9,18,371
TOYOTA,Tundra 4WD,PICKUP TRUCK - STANDARD,5.7,8,AS6,X,18.0,14.2,16.3,17,381
